-- phpMyAdmin SQL Dump
-- version 4.8.3
-- https://www.phpmyadmin.net/
--
-- Host: 127.0.0.1:3306
-- Generation Time: 22-Nov-2018 às 21:48
-- Versão do servidor: 5.7.23
-- versão do PHP: 7.2.10

SET SQL_MODE = "NO_AUTO_VALUE_ON_ZERO";
SET AUTOCOMMIT = 0;
START TRANSACTION;
SET time_zone = "+00:00";


/*!40101 SET @OLD_CHARACTER_SET_CLIENT=@@CHARACTER_SET_CLIENT */;
/*!40101 SET @OLD_CHARACTER_SET_RESULTS=@@CHARACTER_SET_RESULTS */;
/*!40101 SET @OLD_COLLATION_CONNECTION=@@COLLATION_CONNECTION */;
/*!40101 SET NAMES utf8mb4 */;

--
-- Database: `db_rotadanoite`
--

-- --------------------------------------------------------

--
-- Estrutura da tabela `tb_bairro`
--

DROP TABLE IF EXISTS `tb_bairro`;
CREATE TABLE IF NOT EXISTS `tb_bairro` (
  `cd_bairro` int(5) NOT NULL AUTO_INCREMENT,
  `nm_bairro` varchar(45) DEFAULT NULL,
  `cd_cidade` int(5) DEFAULT NULL,
  PRIMARY KEY (`cd_bairro`)
) ENGINE=MyISAM AUTO_INCREMENT=314 DEFAULT CHARSET=latin1;

--
-- Extraindo dados da tabela `tb_bairro`
--

INSERT INTO `tb_bairro` (`cd_bairro`, `nm_bairro`, `cd_cidade`) VALUES
(111, '234', 111),
(2, 'Boqueirão', 2),
(3, 'Guilhermina', 3),
(4, 'Guilhermina', 4),
(5, 'Guilhermina', 5),
(6, 'Guilhermina', 6),
(7, 'Guilhermina', 7),
(8, 'Guilhermina', 8),
(9, 'Guilhermina', 9),
(10, 'Guilhermina', 10),
(11, 'Guilhermina', 11),
(12, 'Guilhermina', 12),
(13, 'Guilhermina', 13),
(14, 'Guilhermina', 14),
(15, 'Guilhermina', 15),
(16, 'Guilhermina', 16),
(17, 'Guilhermina', 17),
(18, 'Guilhermina', 18),
(19, 'Guilhermina', 19),
(20, 'Guilhermina', 20),
(21, 'Guilhermina', 21),
(22, 'Guilhermina', 22),
(23, 'Guilhermina', 23),
(24, 'Guilhermina', 24),
(25, 'Guilhermina', 25),
(26, 'Guilhermina', 26),
(27, 'Guilhermina', 27),
(28, 'Guilhermina', 28),
(29, 'Guilhermina', 29),
(30, 'Guilhermina', 30),
(31, 'Guilhermina', 31),
(32, 'Guilhermina', 32),
(33, 'Guilhermina', 33),
(34, 'Guilhermina', 34),
(35, 'Guilhermina', 35),
(36, 'Guilhermina', 36),
(37, 'Guilhermina', 37),
(38, 'Guilhermina', 38),
(39, 'Guilhermina', 39),
(40, 'Guilhermina', 40),
(41, 'Guilhermina', 41),
(42, 'Guilhermina', 42),
(43, 'Guilhermina', 43),
(44, 'Guilhermina', 44),
(45, 'Mooca', 45),
(46, 'Guilhermina', 46),
(47, 'Guilhermina', 47),
(49, 'Guilhermina', 48),
(50, 'Guilhermina', 50),
(53, 'Guilhermina', 51),
(54, 'Guilhermina', 54),
(55, 'Guilhermina', 55),
(56, 'rrrrr', 56),
(57, '', 57),
(58, '', 58),
(59, '', 59),
(60, '', 60),
(61, '', 61),
(62, '', 62),
(63, '', 63),
(64, '', 64),
(65, '', 65),
(66, '', 66),
(67, '', 67),
(68, '', 68),
(69, '', 69),
(70, '', 70),
(71, '', 71),
(72, '', 72),
(73, '', 73),
(74, '', 74),
(75, '', 75),
(76, '', 76),
(77, '', 77),
(78, '', 78),
(79, '', 79),
(80, 'Guilhermina', 80),
(81, 'Guilhermina', 81),
(82, 'Guilhermina', 82),
(83, 'Guilhermina', 83),
(84, 'Guilhermina', 84),
(85, 'Guilhermina', 85),
(86, 'Guilhermina', 86),
(87, 'Guilhermina', 87),
(88, 'Guilhermina', 88),
(89, 'Guilhermina', 89),
(90, 'Guilhermina', 90),
(91, 'Guilhermina', 91),
(92, 'Mooca', 92),
(93, 'Guilhermina', 93),
(94, 'Guilhermina', 94),
(101, 'Guilhermina', 101),
(112, '234', 112),
(97, '', 97),
(98, '', 98),
(99, '', 99),
(100, '', 100),
(102, 'Guilhermina', 102),
(103, 'Guilhermina', 103),
(104, 'Guilhermina', 104),
(105, 'Guilhermina', 105),
(106, 'Guilhermina', 106),
(107, 'Guilhermina', 107),
(108, 'Guilhermina', 108),
(109, 'Guilhermina', 109),
(110, 'Guilhermina', 110),
(113, '234', 113),
(114, 'Guilhermina', 114),
(115, 'Guilhermina', 115),
(116, 'Guilhermina', 116),
(117, 'Guilhermina', 117),
(118, 'Guilhermina', 118),
(119, 'Guilhermina', 119),
(120, 'Guilhermina', 120),
(121, 'Guilhermina', 121),
(122, 'Guilhermina', 122),
(123, 'Guilhermina', 123),
(124, 'Guilhermina', 124),
(125, 'Guilhermina', 125),
(126, 'Guilhermina', 126),
(127, 'Guilhermina', 127),
(128, 'Guilhermina', 128),
(129, 'Guilhermina', 129),
(130, 'Guilhermina', 130),
(131, 'Guilhermina', 131),
(132, 'Guilhermina', 132),
(133, 'Guilhermina', 133),
(134, 'Guilhermina', 134),
(136, 'Guilhermina', 135),
(137, 'Guilhermina', 137),
(138, 'Guilhermina', 138),
(139, 'Guilhermina', 139),
(142, 'Guilhermina', 142),
(141, 'Guilhermina', 141),
(143, 'Guilhermina', 143),
(144, 'Guilhermina', 144),
(145, 'Guilhermina', 145),
(146, '', 146),
(147, '', 147),
(148, '', 148),
(149, '', 149),
(150, '', 150),
(151, 'Guilhermina', 151),
(152, 'Guilhermina', 152),
(153, 'Guilhermina', 153),
(155, 'Guilhermina', 154),
(156, 'Guilhermina', 156),
(157, 'Guilhermina', 157),
(263, 'Guilhermina', 263),
(159, 'Guilhermina', 159),
(160, 'Guilhermina', 160),
(261, 'Jardim Maria Estela', 261),
(162, '', 162),
(163, 'Guilhermina', 163),
(164, '', 164),
(165, 'Guilhermina', 165),
(166, '', 166),
(167, 'Guilhermina', 167),
(168, '', 168),
(169, '', 169),
(170, '', 170),
(171, 'Guilhermina', 171),
(172, 'Guilhermina', 172),
(173, 'Guilhermina', 173),
(174, 'Guilhermina', 174),
(175, '', 175),
(176, 'Guilhermina', 176),
(177, '', 177),
(178, '', 178),
(179, '', 179),
(180, '', 180),
(181, '', 181),
(182, '', 182),
(183, 'Guilhermina', 183),
(184, '', 184),
(185, 'Guilhermina', 185),
(186, '', 186),
(187, '', 187),
(188, '', 188),
(189, '', 189),
(190, '', 190),
(191, '', 191),
(192, '', 192),
(193, '', 193),
(194, '', 194),
(195, '', 195),
(196, 'Guilhermina', 196),
(197, 'Guilhermina', 197),
(198, '', 198),
(199, '', 199),
(200, '', 200),
(201, '', 201),
(202, '', 202),
(203, '', 203),
(204, 'Guilhermina', 204),
(205, 'Guilhermina', 205),
(207, 'Guilhermina', 207),
(208, 'Guilhermina', 208),
(209, '', 209),
(210, 'Guilhermina', 210),
(211, 'Guilhermina', 211),
(212, 'Guilhermina', 212),
(213, 'Guilhermina', 213),
(214, 'Guilhermina', 214),
(215, 'Guilhermina', 215),
(216, 'Guilhermina', 216),
(217, 'Guilhermina', 217),
(218, 'Guilhermina', 218),
(219, 'Guilhermina', 219),
(220, '', 220),
(221, 'Guilhermina', 221),
(222, '', 222),
(223, '', 223),
(224, '', 224),
(225, 'Guilhermina', 225),
(226, 'Guilhermina', 226),
(227, 'Guilhermina', 227),
(228, 'Guilhermina', 228),
(229, 'Guilhermina', 229),
(230, 'Guilhermina', 230),
(231, 'Guilhermina', 231),
(232, 'Guilhermina', 232),
(233, 'Guilhermina', 233),
(234, 'Guilhermina', 234),
(235, 'Guilhermina', 235),
(236, 'Guilhermina', 236),
(237, 'Guilhermina', 237),
(238, 'Guilhermina', 238),
(239, 'Guilhermina', 239),
(240, 'Guilhermina', 240),
(241, 'Guilhermina', 241),
(242, 'Guilhermina', 242),
(243, 'Guilhermina', 243),
(244, 'Guilhermina', 244),
(245, 'Guilhermina', 245),
(246, 'Guilhermina', 246),
(247, 'Guilhermina', 247),
(248, 'Guilhermina', 248),
(249, 'Guilhermina', 249),
(250, 'Guilhermina', 250),
(251, 'Guilhermina', 251),
(252, 'Guilhermina', 252),
(253, 'Guilhermina', 253),
(254, 'Guilhermina', 254),
(255, 'Guilhermina', 255),
(256, 'Guilhermina', 256),
(257, 'Guilhermina', 257),
(258, 'Guilhermina', 258),
(264, 'Guilhermina', 264),
(262, 'Guilhermina', 262),
(265, 'Guilhermina', 265),
(266, 'Guilhermina', 266),
(267, 'Guilhermina', 267),
(268, 'Guilhermina', 268),
(269, 'Guilhermina', 269),
(270, 'Guilhermina', 270),
(271, 'Guilhermina', 271),
(272, 'Guilhermina', 272),
(273, 'Guilhermina', 273),
(274, 'Guilhermina', 274),
(275, 'Guilhermina', 275),
(276, 'Guilhermina', 276),
(277, 'Guilhermina', 277),
(278, 'Guilhermina', 278),
(279, 'Guilhermina', 279),
(280, 'Guilhermina', 280),
(281, 'Guilhermina', 281),
(282, 'Guilhermina', 282),
(283, 'Guilhermina', 283),
(284, 'Guilhermina', 284),
(285, 'Guilhermina', 285),
(286, 'Guilhermina', 286),
(287, 'Guilhermina', 287),
(288, 'Guilhermina', 288),
(289, 'Guilhermina', 289),
(290, 'Guilhermina', 290),
(291, 'Guilhermina', 291),
(292, 'Guilhermina', 292),
(293, 'Guilhermina', 293),
(294, 'Guilhermina', 294),
(295, 'Guilhermina', 295),
(296, 'Guilhermina', 296),
(297, 'Guilhermina', 297),
(298, 'Guilhermina', 298),
(299, 'Guilhermina', 299),
(300, 'Guilhermina', 300),
(301, 'Guilhermina', 301),
(302, 'Guilhermina', 302),
(303, 'Guilhermina', 303),
(304, 'Guilhermina', 304),
(305, 'Guilhermina', 305),
(306, 'Guilhermina', 306),
(307, 'Guilhermina', 307),
(308, 'Guilhermina', 308),
(309, 'Guilhermina', 309),
(310, 'Guilhermina', 310),
(311, 'Guilhermina', 311),
(312, 'Guilhermina', 312),
(313, 'Guilhermina', 313);

-- --------------------------------------------------------

--
-- Estrutura da tabela `tb_cidade`
--

DROP TABLE IF EXISTS `tb_cidade`;
CREATE TABLE IF NOT EXISTS `tb_cidade` (
  `cd_cidade` int(5) NOT NULL AUTO_INCREMENT,
  `nm_cidade` varchar(45) DEFAULT NULL,
  `cd_uf` int(5) DEFAULT NULL,
  PRIMARY KEY (`cd_cidade`)
) ENGINE=MyISAM AUTO_INCREMENT=314 DEFAULT CHARSET=latin1;

--
-- Extraindo dados da tabela `tb_cidade`
--

INSERT INTO `tb_cidade` (`cd_cidade`, `nm_cidade`, `cd_uf`) VALUES
(111, 'Praia Grande', 111),
(2, 'Curitiba', 2),
(3, 'Praia Grande', 3),
(4, 'Praia Grande', 4),
(5, 'Praia Grande', 5),
(6, 'Praia Grande', 6),
(7, 'Praia Grande', 7),
(8, 'Praia Grande', 8),
(9, 'Praia Grande', 9),
(10, 'Praia Grande', 10),
(11, 'Praia Grande', 11),
(12, 'Praia Grande', 12),
(13, 'Praia Grande', 13),
(14, 'Praia Grande', 14),
(15, 'Praia Grande', 15),
(16, 'Praia Grande', 16),
(17, 'Praia Grande', 17),
(18, 'Praia Grande', 18),
(19, 'Praia Grande', 19),
(20, 'Praia Grande', 20),
(21, 'Praia Grande', 21),
(22, 'Praia Grande', 22),
(23, 'Praia Grande', 23),
(24, 'Praia Grande', 24),
(25, 'Praia Grande', 25),
(26, 'Praia Grande', 26),
(27, 'Praia Grande', 27),
(28, 'Praia Grande', 28),
(29, 'Praia Grande', 29),
(30, 'Praia Grande', 30),
(31, 'Praia Grande', 31),
(32, 'Praia Grande', 32),
(33, 'Praia Grande', 33),
(34, 'Praia Grande', 34),
(35, 'Praia Grande', 35),
(36, 'Praia Grande', 36),
(37, 'Praia Grande', 37),
(38, 'Praia Grande', 38),
(39, 'Praia Grande', 39),
(40, 'Praia Grande', 40),
(41, 'Praia Grande', 41),
(42, 'Praia Grande', 42),
(43, 'Praia Grande', 43),
(44, 'Praia Grande', 44),
(45, 'São Paulo', 45),
(46, 'Praia Grande', 46),
(47, 'Praia Grande', 47),
(49, 'Praia Grande', 48),
(50, 'Praia Grande', 50),
(53, 'Praia Grande', 51),
(54, 'Praia Grande', 54),
(55, 'Praia Grande', 55),
(56, 'rrrrr', 56),
(57, '', 57),
(58, '', 58),
(59, '', 59),
(60, '', 60),
(61, '', 61),
(62, '', 62),
(63, '', 63),
(64, '', 64),
(65, '', 65),
(66, '', 66),
(67, '', 67),
(68, '', 68),
(69, '', 69),
(70, '', 70),
(71, '', 71),
(72, '', 72),
(73, '', 73),
(74, '', 74),
(75, '', 75),
(76, '', 76),
(77, '', 77),
(78, '', 78),
(79, '', 79),
(80, 'Praia Grande', 80),
(81, 'Praia Grande', 81),
(82, 'Praia Grande', 82),
(83, 'Praia Grande', 83),
(84, 'Praia Grande', 84),
(85, 'Praia Grande', 85),
(86, 'Praia Grande', 86),
(87, 'Praia Grande', 87),
(88, 'Praia Grande', 88),
(89, 'Praia Grande', 89),
(90, 'Praia Grande', 90),
(91, 'Praia Grande', 91),
(92, 'São Paulo', 92),
(93, 'Praia Grande', 93),
(94, 'Praia Grande', 94),
(101, 'Praia Grande', 101),
(112, 'Praia Grande', 112),
(97, '', 97),
(98, '', 98),
(99, '', 99),
(100, '', 100),
(102, 'Praia Grande', 102),
(103, 'Praia Grande', 103),
(104, 'Praia Grande', 104),
(105, 'Praia Grande', 105),
(106, 'Praia Grande', 106),
(107, 'Praia Grande', 107),
(108, 'Praia Grande', 108),
(109, 'Praia Grande', 109),
(110, 'Praia Grande', 110),
(113, 'Praia Grande', 113),
(114, 'Praia Grande', 114),
(115, 'Praia Grande', 115),
(116, 'Praia Grande', 116),
(117, 'Praia Grande', 117),
(118, 'Praia Grande', 118),
(119, 'Praia Grande', 119),
(120, 'Praia Grande', 120),
(121, 'Praia Grande', 121),
(122, 'Praia Grande', 122),
(123, 'Praia Grande', 123),
(124, 'Praia Grande', 124),
(125, 'Praia Grande', 125),
(126, 'Praia Grande', 126),
(127, 'Praia Grande', 127),
(128, 'Praia Grande', 128),
(129, 'Praia Grande', 129),
(130, 'Praia Grande', 130),
(131, 'Praia Grande', 131),
(132, 'Praia Grande', 132),
(133, 'Praia Grande', 133),
(134, 'Praia Grande', 134),
(136, 'Praia Grande', 135),
(137, 'Praia Grande', 137),
(138, 'Praia Grande', 138),
(139, 'Praia Grande', 139),
(142, 'Praia Grande', 142),
(141, 'Praia Grande', 141),
(143, 'Praia Grande', 143),
(144, 'Praia Grande', 144),
(145, 'Praia Grande', 145),
(146, '', 146),
(147, '', 147),
(148, '', 148),
(149, '', 149),
(150, '', 150),
(151, 'Praia Grande', 151),
(152, 'Praia Grande', 152),
(153, 'Praia Grande', 153),
(155, 'Praia Grande', 154),
(156, 'Praia Grande', 156),
(157, 'Praia Grande', 157),
(264, 'Praia Grande', 264),
(159, 'Praia Grande', 159),
(160, 'Praia Grande', 160),
(261, 'São Paulo', 261),
(162, '', 162),
(163, 'Praia Grande', 163),
(164, '', 164),
(165, 'Praia Grande', 165),
(166, '', 166),
(167, 'Praia Grande', 167),
(168, '', 168),
(169, '', 169),
(170, '', 170),
(171, 'Praia Grande', 171),
(172, 'Praia Grande', 172),
(173, 'Praia Grande', 173),
(174, 'Praia Grande', 174),
(175, '', 175),
(176, 'Praia Grande', 176),
(177, '', 177),
(178, '', 178),
(179, '', 179),
(180, '', 180),
(181, '', 181),
(182, '', 182),
(183, 'Praia Grande', 183),
(184, '', 184),
(185, 'Praia Grande', 185),
(186, '', 186),
(187, '', 187),
(188, '', 188),
(189, '', 189),
(190, '', 190),
(191, '', 191),
(192, '', 192),
(193, '', 193),
(194, '', 194),
(195, '', 195),
(196, 'Praia Grande', 196),
(197, 'Praia Grande', 197),
(198, '', 198),
(199, '', 199),
(200, '', 200),
(201, '', 201),
(202, '', 202),
(203, '', 203),
(204, 'Praia Grande', 204),
(205, 'Praia Grande', 205),
(263, 'Praia Grande', 263),
(207, 'Praia Grande', 207),
(208, 'Praia Grande', 208),
(209, '', 209),
(210, 'Praia Grande', 210),
(211, 'Praia Grande', 211),
(212, 'Praia Grande', 212),
(213, 'Praia Grande', 213),
(214, 'Praia Grande', 214),
(215, 'Praia Grande', 215),
(216, 'Praia Grande', 216),
(217, 'Praia Grande', 217),
(218, 'Praia Grande', 218),
(219, 'Praia Grande', 219),
(220, '', 220),
(221, 'Praia Grande', 221),
(222, '', 222),
(223, '', 223),
(224, '', 224),
(225, 'Praia Grande', 225),
(226, 'Praia Grande', 226),
(227, 'Praia Grande', 227),
(228, 'Praia Grande', 228),
(229, 'Praia Grande', 229),
(230, 'Praia Grande', 230),
(231, 'Praia Grande', 231),
(232, 'Praia Grande', 232),
(233, 'Praia Grande', 233),
(234, 'Praia Grande', 234),
(235, 'Praia Grande', 235),
(236, 'Praia Grande', 236),
(237, 'Praia Grande', 237),
(238, 'Praia Grande', 238),
(239, 'Praia Grande', 239),
(240, 'Praia Grande', 240),
(241, 'Praia Grande', 241),
(242, 'Praia Grande', 242),
(243, 'Praia Grande', 243),
(244, 'Praia Grande', 244),
(245, 'Praia Grande', 245),
(246, 'Praia Grande', 246),
(247, 'Praia Grande', 247),
(248, 'Praia Grande', 248),
(249, 'Praia Grande', 249),
(250, 'Praia Grande', 250),
(251, 'Praia Grande', 251),
(252, 'Praia Grande', 252),
(253, 'Praia Grande', 253),
(254, 'Praia Grande', 254),
(255, 'Praia Grande', 255),
(256, 'Praia Grande', 256),
(257, 'Praia Grande', 257),
(258, 'Praia Grande', 258),
(265, 'Praia Grande', 265),
(262, 'Praia Grande', 262),
(266, 'Praia Grande', 266),
(267, 'Praia Grande', 267),
(268, 'Praia Grande', 268),
(269, 'Praia Grande', 269),
(270, 'Praia Grande', 270),
(271, 'Praia Grande', 271),
(272, 'Praia Grande', 272),
(273, 'Praia Grande', 273),
(274, 'Praia Grande', 274),
(275, 'Praia Grande', 275),
(276, 'Praia Grande', 276),
(277, 'Praia Grande', 277),
(278, 'Praia Grande', 278),
(279, 'Praia Grande', 279),
(280, 'Praia Grande', 280),
(281, 'Praia Grande', 281),
(282, 'Praia Grande', 282),
(283, 'Praia Grande', 283),
(284, 'Praia Grande', 284),
(285, 'Praia Grande', 285),
(286, 'Praia Grande', 286),
(287, 'Praia Grande', 287),
(288, 'Praia Grande', 288),
(289, 'Praia Grande', 289),
(290, 'Praia Grande', 290),
(291, 'Praia Grande', 291),
(292, 'Praia Grande', 292),
(293, 'Praia Grande', 293),
(294, 'Praia Grande', 294),
(295, 'Praia Grande', 295),
(296, 'Praia Grande', 296),
(297, 'Praia Grande', 297),
(298, 'Praia Grande', 298),
(299, 'Praia Grande', 299),
(300, 'Praia Grande', 300),
(301, 'Praia Grande', 301),
(302, 'Praia Grande', 302),
(303, 'Praia Grande', 303),
(304, 'Praia Grande', 304),
(305, 'Praia Grande', 305),
(306, 'Praia Grande', 306),
(307, 'Praia Grande', 307),
(308, 'Praia Grande', 308),
(309, 'Praia Grande', 309),
(310, 'Praia Grande', 310),
(311, 'Praia Grande', 311),
(312, 'Praia Grande', 312),
(313, 'Praia Grande', 313);

-- --------------------------------------------------------

--
-- Estrutura da tabela `tb_cliente`
--

DROP TABLE IF EXISTS `tb_cliente`;
CREATE TABLE IF NOT EXISTS `tb_cliente` (
  `cd_cliente` int(5) NOT NULL AUTO_INCREMENT,
  `nm_cliente` varchar(45) DEFAULT NULL,
  `nm_email` varchar(60) DEFAULT NULL,
  `cd_senha` varchar(255) DEFAULT NULL,
  `ic_tipo` varchar(8) DEFAULT NULL,
  `cd_pessoa_fisica` int(5) NOT NULL,
  `cd_pessoa_juridica` int(5) NOT NULL,
  PRIMARY KEY (`cd_cliente`)
) ENGINE=MyISAM AUTO_INCREMENT=73 DEFAULT CHARSET=latin1;

--
-- Extraindo dados da tabela `tb_cliente`
--

INSERT INTO `tb_cliente` (`cd_cliente`, `nm_cliente`, `nm_email`, `cd_senha`, `ic_tipo`, `cd_pessoa_fisica`, `cd_pessoa_juridica`) VALUES
(1, 'admin', 'admin', '$1$kvEW9dWI$mNgwFmw9k2Wu8a2ZDnhqO.', 'fisica', 1, 0),
(2, '', '', '$1$AUsRN1lE$bKn8ceNU3B4kpRQkZok3o/', 'juridica', 0, 1),
(3, 'sadf', '', '$1$AUsRN1lE$bKn8ceNU3B4kpRQkZok3o/', 'juridica', 0, 2),
(4, '', 'sadfafs', '$1$RxgLL8gS$KeOpdjiomCzcv.rer/7ES.', 'juridica', 0, 3),
(8, 'teste', 'teste', '$1$hHUQ1Zjq$RNVN4KxU5VXYuwZXXxmtu.', 'fisica', 5, 0),
(7, 'Kayo Haufe', 'kayohaufe@gmail.com', '$1$x0kksdc1$TFltAUshUcVOXUw7epahG0', 'fisica', 4, 0),
(9, 'Teste', 'Teste', '$1$hHUQ1Zjq$RNVN4KxU5VXYuwZXXxmtu.', 'fisica', 6, 0),
(10, 'asdf', 'asdf', '$1$i4BniVrW$DrcqmzboRR.hqnbTQcdrn/', 'fisica', 7, 0),
(11, 'asdf', 'asdf', '$1$19l2iJ5o$kOqHMYVGCuZ2krb6r19oR1', 'fisica', 8, 0),
(12, 'dsf', 'sfd', '$1$gJCOTYM1$QR.dKUna2iG.ipqxU4xal.', 'fisica', 9, 0),
(13, '98', '798', '$1$9XAFzt08$btZOKZ43lKtY86//qkdJ..', 'fisica', 10, 0),
(14, '214', '11234', '$1$IjWYSPZp$EvPGskxdPbH50bvj9Q42l/', 'fisica', 11, 0),
(15, 'ae', 'RRRRRJHJJHJJK', '$1$RCrqcnwx$ynVqQCH.gY6ugt6AtiMz/1', 'fisica', 12, 0),
(16, '1234', 'sdfffffffdfdsfsdafasdfds', '$1$dghPgqhn$pfnXmsyWqPHIABVI.Deki1', 'fisica', 13, 0),
(17, 'Ffff', 'ffffffffffff', '$1$6XLSIQOo$jpDiXdP07IquOFcNnoN4..', 'fisica', 14, 0),
(18, 'Ffff', 'ffffffffffff', '$1$TIB7GUzM$jrRKvefj6.VT61TTP77SK.', 'fisica', 15, 0),
(21, '1', 'teste', '$1$Xcb/1fNt$h1wzj7NTUd2KLPl0LrH56/', 'fisica', 18, 0),
(22, '1', 'umdois', '$1$mC/RE4yL$vq5oO2XsYvT6xCeSSQlxg/', 'fisica', 19, 0),
(23, '1', '21343241', '$1$ZEN0rfI6$OuorWxZRr5SkLxA/J17Je/', 'fisica', 20, 0),
(24, 'Kaya', 'holanda', '$1$hHTwxKiD$NrHMQ.M0dbD299nncfULg/', 'juridica', 0, 4),
(25, '441234', '222', '$1$Kf4tXcnM$w7nKvvBZIBJT9EMDdv8nf0', 'fisica', 21, 0),
(26, '1', '1', '$1$EY.GICmL$ffAbuaKhRQc1ifLl6orP2/', 'fisica', 22, 0),
(27, 'Sdaf', 'r', '$1$9hHaWTIe$ys57ETdSFvAsPP8b4XooY/', 'juridica', 0, 5),
(28, 'Kayã Haufe', 'kayahaufe@gmail.com', '$1$2DMYWKJM$KnD6t01xiLHUQJ3NEKKMn/', 'fisica', 23, 0),
(29, 'Caroline Andrade', 'carol@gmail.com', '$1$VmiYdm5R$tfO1SIhiMEfAwSABk9SDq/', 'fisica', 24, 0),
(30, '12', '12', '$1$BeFzmUu2$D426iKCt2uqdfjNrYjWEH1', 'fisica', 25, 0),
(31, 'Aklj', 'k', '$1$7tiemhsZ$Q0UiAlUmWRR0K/93Qfae./', 'juridica', 0, 6),
(32, 'EE', 'top@top', '$1$R0DhLkbL$JjRZo3axhGPy00oEpk8XE0', 'fisica', 26, 0),
(33, 'Aa', 'ok@ok', '$1$XGRnZ1OF$6z5RDoz1XxJnTMZFozC2Z1', 'fisica', 27, 0),
(34, 'Sdjafkl', 'fk@fk', '$1$LfgNIfO7$Xcyl8wDMONoIfm34PPIE2.', 'fisica', 28, 0),
(35, 'Sdjafklqq', 'p@p', '$1$fNLNktd7$9vsVpnYWX1ycPqyPUY5mS0', 'fisica', 29, 0),
(36, 'A', 'o@o', '$1$HoIpIww8$S0i6jtOciCfKwvocQYVYx/', 'fisica', 30, 0),
(37, 'A', 'z@z', '$1$H.UZAzNA$U3ZduORGn4BeED26pvPlh.', 'fisica', 31, 0),
(38, 'A', 'q@q', '$argon2i$v=19$m=1024,t=2,p=2$bmN5U1p3d2hHaUlsbUlLcQ$DcrcAMJ6JSluNtDVMCHksZSu6mewz1uoImZ6rMzM1cE', 'fisica', 32, 0),
(39, '$nome', '$email', '$criptografada', 'fisica', 1, 0),
(40, 'Lksjdf', 'askdlfj@asdfasdfeeea', '1', 'fisica', 35, 0),
(41, 'Lksjdf', 'askdlfj@asdfasdfeeeaawww', '1', 'fisica', 36, 0),
(42, 'Topzera', 'tubo@ta', '1', 'fisica', 37, 0),
(43, '$nome', '$email', '$criptografada', 'fisica', 1, 0),
(44, NULL, NULL, '$criptografada', NULL, 1, 0),
(45, NULL, NULL, '$argon2i$v=19$m=1024,t=2,p=2$ZklGVmlYcDExam8vdEtrbw$ZRdsjSexAR9qPB9J0PB2OOX1+BbxP7vE+uRoRBsk+08', NULL, 1, 0),
(46, 'Qqqq', 'qwer@qwer', '$argon2i$v=19$m=1024,t=2,p=2$WHFud1FLY0hDd0t2OFZuLg$JW2bwNskLSwDFeU1T9ck1zlq3oETdeTB2XBHrh9z590', 'fisica', 1, 0),
(47, 'Qqqq', 'qwer@qwerq', '$argon2i$v=19$m=1024,t=2,p=2$Z01yRmtUV2ZjLml6WjRTdQ$0K1F3zkz3N6YMxzS65AnG0g1qrDVbiWrwfMR/ZcW0Ts', 'fisica', 1, 0),
(48, 'Qqqq', 'qwer@qwerq1x', '$argon2i$v=19$m=1024,t=2,p=2$aGRzRmd3SzJlSC92WDdjZw$lj8DYWfdgjNkWFi5uCoeLWzOusuCWl14esHwoieCpqA', 'fisica', 39, 0),
(49, 'Hola', 'hola@holaaa', '$argon2i$v=19$m=1024,t=2,p=2$NldIZ1JnN3JpQ0x5dFFmeA$yx2JgmYWlH9z8GO6jZFx6Dis1w2uxjbJuEzpq8pXyRk', 'fisica', 40, 0),
(50, 'Sadfsafd', '1@2', '$argon2i$v=19$m=1024,t=2,p=2$WnhBZ2hwWWR3LlFZQlFvMg$HXoChQnXGBqFruSgZPMAtgNX1smIsVz0ep04oDu69ZA', 'fisica', 41, 0),
(51, 'Qwrqwer', 'qwer@qwerg', '$argon2i$v=19$m=1024,t=2,p=2$Y2JlTFhjbFQ5bkR6eHVFbA$GU/NmqEtBq4jKLiYymN442sHA1UQu4Q2ArQ3DDp4JIs', 'fisica', 43, 0),
(52, 'Qqqq', '124@1324311', '$argon2i$v=19$m=1024,t=2,p=2$U3Q1MThjR21obWx5R2hoRw$FwTkPd0i6El5M4OsR9rqsBGbSTIOrW0WAuQYeRyA33k', 'fisica', 45, 0),
(53, 'Qqqq', '124@13243114', '$argon2i$v=19$m=1024,t=2,p=2$SjhIbDFzN3hDaTViZ05NTw$Tv804Duu9P/173zA+k21yNjyk3TuQhJ/Ho+gxNixHg8', 'fisica', 45, 0),
(54, 'Qqqq', '124@132431144', '$argon2i$v=19$m=1024,t=2,p=2$ckUyckVWS2dycHNJRmlNNQ$hF6GAKtuzfqeKrywRUkCCApC/5OoutXWWZqSXVRgT2k', 'fisica', 47, 0),
(55, 'Testando', 'go@go', '$argon2i$v=19$m=1024,t=2,p=2$Sm5lS2Q1U2hEYnFxeG96ag$xMOK2FB37c8HGOAguhIQnb8rIEoqCljDfOzPj6a2+Cc', 'fisica', 48, 0),
(56, 'Ssdfasfasf', 'i@i', '$argon2i$v=19$m=1024,t=2,p=2$SmJ5ZElJdmlhRnhTZkNCeQ$aID3V4OnyvwBdklkulI8cbYbZiE0PMz0uovEeVVbDIo', 'juridica', 0, 7),
(57, '12', '234@4', '$argon2i$v=19$m=1024,t=2,p=2$a2R3V0pKQkZmdVByLnYwcg$yg/h9vduPZIXe16yyOEASh6kFE6/e1O76yMdvERTYR8', 'fisica', 49, 0),
(58, 'Qqqq', 'kayah3ufe@gmail.com', '$argon2i$v=19$m=1024,t=2,p=2$emRIdXBySDVFaEJhVmdNWg$IsVJUgMwEVL8ElvDSUGdwhUapdrnmx8cDHXmoR8sw+0', 'fisica', 50, 0),
(59, 'Hola', 'qwer@qwerg2', '$argon2i$v=19$m=1024,t=2,p=2$RHI3TVhzaGo3SDdCbzJsVw$UZOrFzH85BwCt6Vm29zT/OsaJGnfjevTMMnQlMszXWA', 'fisica', 51, 0),
(60, 'Hola', 'qwer@qwerg22', '$argon2i$v=19$m=1024,t=2,p=2$MExQcmU4UEpQN0JmNC5aNQ$oObpOtl0/YQQKqsfUG6gHZXDsxWHW3jpJiHcxS4mqO8', 'fisica', 52, 0),
(61, 'Hola', 'qwer@qwerg223', '$argon2i$v=19$m=1024,t=2,p=2$dWJsa1pwYlpRN281NVFmSQ$6IP4BDwVDKP8PL+ItbtGU4PouxmyWLeIgemyVWclEOM', 'fisica', 53, 0),
(62, '123412342134', '12341234@1341234', '$argon2i$v=19$m=1024,t=2,p=2$cHFlNWFyQS9nV2Zqa3JxYg$zMHu0kFU04d6gz7cNDyY8I/zgUnn70Y7fGUlQxb7NoU', 'fisica', 54, 0),
(63, 'Qqqq', 'qwer@qwerg223412', '$argon2i$v=19$m=1024,t=2,p=2$b0g4eExBa3FEOHVVQ29mYQ$qAqWwqj9kLZBnBrmiQbMMzrLyAgMB8n+66XN3s28B3A', 'fisica', 55, 0),
(64, 'Kayo Haufe', 'kayo@gmail.com', '$argon2i$v=19$m=1024,t=2,p=2$WVdBS20yMXdxVHF4bzFxUA$kN8MZIQm3urRD+IFrbtzF8rvqc2y4eXfd+5N/9dNt58', 'fisica', 56, 0),
(65, 'Qowieryoiqwure', 'topzera@top', '$argon2i$v=19$m=1024,t=2,p=2$Qmo5Zk1rR1BRVU1MbzVHag$7gez8c9E0KLjXO4vx4/OFgnGfHRfk971hjj+sI9sEOI', 'fisica', 57, 0),
(66, 'Qwrerqw', 'kayahaufe@gmail.com', '$argon2i$v=19$m=1024,t=2,p=2$SHN3THpmQ2dxQ2E1VnR2RA$FCrQH7zHVfHMAmv7epOWtpyq5jJSTpopGuzv0GP79Ro', 'fisica', 58, 0),
(67, 'Qwe', 'rrr@rrr', '$argon2i$v=19$m=1024,t=2,p=2$SjN4NVkwQWtmNTJETWNzOQ$fRlx/2kY0GOGINySORMKPh8695otgFS+7Qoyoc30BcI', 'fisica', 59, 0),
(68, 'Qwe', 'e@e', '$argon2i$v=19$m=1024,t=2,p=2$YXhtekhzNW82OTk0M3VrTw$ya4HDJ1tDFgN6BpzWvgr+FO4TaK3Eaivq2vcazf0AbI', 'fisica', 60, 0),
(69, 'Jqowieruqpowireu', 'op@op', '$argon2i$v=19$m=1024,t=2,p=2$NWlqR0VqeUxrVVJOMFV1Zg$B/URXqqKJbHojIi8a8WD5nOarYCiBQbrD/KPsjVyfLc', 'fisica', 61, 0),
(70, '12341243', 'kayahaufe@gmail.om', '$argon2i$v=19$m=1024,t=2,p=2$MkhtSnA1VnFPcWRJRXREYw$0lKL3f/vDlB22fnUCKF0r9I0wpgwDmldP8XOAtn6Hcs', 'fisica', 62, 0),
(71, 'Top', 'y@y', '$argon2i$v=19$m=1024,t=2,p=2$RFVNZ1RiMENwS3B5MlcxSg$Gt5nk1thN/YtrT1CLM/PnwXOrSA9nGM99evSffHnqPw', 'fisica', 63, 0),
(72, 'Fulano', 'fulano@gmail.com', '$argon2i$v=19$m=1024,t=2,p=2$VWZnMHBCbHpGQ3RaclVVdg$VqmrYjQGJSqdlloqJ/97fTjheuAxJAOtZ/zKQJEeE5w', 'fisica', 64, 0);

-- --------------------------------------------------------

--
-- Estrutura da tabela `tb_contato`
--

DROP TABLE IF EXISTS `tb_contato`;
CREATE TABLE IF NOT EXISTS `tb_contato` (
  `cd_contato` int(5) NOT NULL AUTO_INCREMENT,
  `cd_telefone` varchar(15) DEFAULT NULL,
  `cd_celular` varchar(15) DEFAULT NULL,
  `cd_cliente` int(5) DEFAULT NULL,
  PRIMARY KEY (`cd_contato`)
) ENGINE=MyISAM AUTO_INCREMENT=105 DEFAULT CHARSET=latin1;

--
-- Extraindo dados da tabela `tb_contato`
--

INSERT INTO `tb_contato` (`cd_contato`, `cd_telefone`, `cd_celular`, `cd_cliente`) VALUES
(1, '1', '1', NULL),
(2, '1', '1', 1),
(3, '13982084063', '', NULL),
(4, '', '', 2),
(5, '', '', 2),
(6, '', '', 4),
(7, '123442', '12341243', NULL),
(8, '123442', '12341243', 5),
(9, '123442', '12341243', NULL),
(10, '123442', '12341243', 5),
(11, '234', '123442', NULL),
(12, '234', '123442', 7),
(13, '', '', NULL),
(14, '', '', 8),
(15, '', '', NULL),
(16, '', '', 8),
(17, 'asdf', 'sdf', NULL),
(18, 'asdf', 'sdf', 10),
(19, 'asdf', 'asdf', NULL),
(20, 'asdf', 'asdf', 10),
(21, 'dsf', 'fds', NULL),
(22, 'dsf', 'fds', 12),
(23, '87', '98', NULL),
(24, '87', '98', 13),
(25, '234', '1234', NULL),
(26, '234', '1234', 14),
(27, 'r', 'r', NULL),
(28, 'r', 'r', 15),
(29, '134', '1234', NULL),
(30, '134', '1234', 16),
(31, '1234', '2134', NULL),
(32, '1234', '2134', 17),
(33, '1234', '2134', NULL),
(34, '1234', '2134', 17),
(35, '1', '1', NULL),
(36, '1', '1', 1),
(37, '1', '1', NULL),
(38, '1', '1', 1),
(39, '1', '1', NULL),
(40, '1', '1', 8),
(41, '12', '1', NULL),
(42, '12', '1', 8),
(43, '12', '1', NULL),
(44, '12', '1', 8),
(45, '1', '1', NULL),
(46, '1', '1', NULL),
(47, '1', '1', 22),
(48, '1', '', NULL),
(49, '1', '', 23),
(50, '2134', '1234', 24),
(51, '1234', '1324', NULL),
(52, '12412', '4124', NULL),
(53, '12412', '4124', 25),
(54, '1', '1', NULL),
(55, '1', '1', 26),
(56, 'adf', '1234', 27),
(57, '13982084063', '13982084063', NULL),
(58, '13982084063', '13982084063', 28),
(59, '2134981239048', '192834719208347', NULL),
(60, '2134981239048', '192834719208347', 29),
(61, '2983129834', '98123749140', NULL),
(62, '12', '', NULL),
(63, '12', '', 30),
(64, 'k', 'k', 31),
(65, '(11) 1111-1111', '(11) 11111-1111', NULL),
(66, '11111111', '1111111', NULL),
(67, '11111111', '1111111', 32),
(68, '222222', '2222', 33),
(69, '(12) 3412-3423', '(12) 43', 34),
(70, '(11) 3333-3333', '(33) 33333-3333', 35),
(71, '(12) 34', '(44) 4', 36),
(72, '(12) 34', '(44) 4', 37),
(73, '(12) 34', '(44) 4', 38),
(74, '124', '444', 5),
(75, '(33) 1234', '(13) 4', 40),
(76, '', '', 41),
(77, '', '', 42),
(78, '', '(4', 46),
(79, '', '(4', 47),
(80, '', '(4', 48),
(81, '(42) 4234-2134', '(12) 31243-1234', 49),
(82, '', '(44) 21341-2341', 50),
(83, '', '', 51),
(84, '', '(12) 3412-34', 52),
(85, '', '(12) 3412-34', 53),
(86, '', '(12) 3412-34', 54),
(87, '', '(12) 89347-1298', 55),
(88, '(12) 4312-4444', '(12) 34124-1342', 57),
(89, '', '', 57),
(90, '', '', 58),
(91, '', '', 59),
(92, '', '', 60),
(93, '', '', 61),
(94, '', '', 62),
(95, '', '', 63),
(96, '(21) 8903-7401', '', 64),
(97, '', '', 65),
(98, '', '', 28),
(99, '', '', 67),
(100, '', '', 68),
(101, '', '', 69),
(102, '', '', 70),
(103, '', '', 71),
(104, '(48) 1374-9022', '(23) 94729-3841', 72);

-- --------------------------------------------------------

--
-- Estrutura da tabela `tb_evento`
--

DROP TABLE IF EXISTS `tb_evento`;
CREATE TABLE IF NOT EXISTS `tb_evento` (
  `cd_evento` int(5) NOT NULL AUTO_INCREMENT,
  `nm_evento` varchar(50) DEFAULT NULL,
  `cd_faixa_etaria` varchar(10) DEFAULT NULL,
  `ds_evento` varchar(100) DEFAULT NULL,
  `cd_logradouro` int(5) DEFAULT NULL,
  `cd_segmento` int(5) DEFAULT NULL,
  `cd_cliente` int(5) DEFAULT NULL,
  `vl_homem` decimal(16,2) DEFAULT NULL,
  `vl_mulher` decimal(16,2) DEFAULT NULL,
  `vl_vip` decimal(16,2) DEFAULT NULL,
  `vl_unico` decimal(16,2) DEFAULT NULL,
  `nm_organizador` varchar(50) DEFAULT NULL,
  `dt_inicio` date DEFAULT NULL,
  `dt_termino` date DEFAULT NULL,
  `hr_inicio` time DEFAULT NULL,
  `hr_termino` time DEFAULT NULL,
  `nm_imagem` varchar(45) DEFAULT NULL,
  PRIMARY KEY (`cd_evento`)
) ENGINE=MyISAM AUTO_INCREMENT=210 DEFAULT CHARSET=latin1;

--
-- Extraindo dados da tabela `tb_evento`
--

INSERT INTO `tb_evento` (`cd_evento`, `nm_evento`, `cd_faixa_etaria`, `ds_evento`, `cd_logradouro`, `cd_segmento`, `cd_cliente`, `vl_homem`, `vl_mulher`, `vl_vip`, `vl_unico`, `nm_organizador`, `dt_inicio`, `dt_termino`, `hr_inicio`, `hr_termino`, `nm_imagem`) VALUES
(54, 'WQPOEIRUQWOIERUPQWOIRUPQWOIERUPOQIWERPUQOWERUPQWIE', '433', 'Aaaaaaaaaaaaaaaaaaaaaaaaaaaaaaaaaaaaaaaaaaaaaaaaaaaaaaaaaaaa', 84, 111, 65, '55555.55', '3.12', '4.14', NULL, NULL, NULL, NULL, NULL, NULL, NULL),
(2, 'Teste', '10', 'Testando', 2, 2, 1, NULL, NULL, NULL, '10.00', NULL, NULL, NULL, NULL, NULL, NULL),
(3, 'teste', '11', 'teste', 3, 3, 7, '12.00', '11.00', '111.00', NULL, NULL, NULL, NULL, NULL, NULL, NULL),
(4, 'Kartódromo', '11', 'Presença especial de atores famosos!!', 4, 4, 1, NULL, NULL, NULL, '12.00', NULL, NULL, NULL, NULL, NULL, NULL),
(6, 'Teste', '18', 'Teste', 6, 6, 1, NULL, NULL, NULL, '0.00', NULL, NULL, NULL, NULL, NULL, NULL),
(7, 'Teste', '12', 'Sdf', 7, 7, 1, NULL, NULL, NULL, '0.00', NULL, NULL, NULL, NULL, NULL, NULL),
(8, 'Top', '19', 'Dsafsadfasdfasdfasdddddddddddddddddddddddddddddddddddddddddd', 10, 10, 1, NULL, NULL, NULL, '-12.00', NULL, NULL, NULL, NULL, NULL, NULL),
(9, 'Teste', '234', 'Sadfs', 12, 12, 1, '1234.00', '23.00', '23.00', NULL, NULL, NULL, NULL, NULL, NULL, NULL),
(10, 'Teste', '234', 'Sadfs', 13, 13, 1, '1234.00', '23.00', '23.00', NULL, NULL, NULL, NULL, NULL, NULL, NULL),
(11, 'Teste', '234', 'Sadfs', 14, 14, 1, '1234.00', '23.00', '23.00', NULL, NULL, NULL, NULL, NULL, NULL, NULL),
(12, 'Teste', '234', 'Sadfs', 15, 15, 1, '1234.00', '23.00', '-23.00', NULL, NULL, NULL, NULL, NULL, NULL, NULL),
(13, 'Rodízio De Pizza', '0', 'Proibido Entrada De Suprimentos', 16, 16, 28, NULL, NULL, NULL, '15.00', NULL, NULL, NULL, NULL, NULL, NULL),
(14, 'Rodízio De Pizza', '1', 'Refrigerante 10 Reais', 17, 17, 28, NULL, NULL, NULL, '15.00', NULL, NULL, NULL, NULL, NULL, NULL),
(15, 'Rodízio De Pizza', '0', 'Refrigerante 10 Reais', 18, 18, 28, NULL, NULL, NULL, '15.00', NULL, NULL, NULL, NULL, NULL, NULL),
(16, 'Rodízio De Pizza', '0', 'Refrigerante 10 Reais', 19, 19, 28, NULL, NULL, NULL, '15.99', NULL, NULL, NULL, NULL, NULL, NULL),
(17, 'Teste', '1', '1', 24, 24, 28, NULL, NULL, NULL, '15.11', NULL, NULL, NULL, NULL, NULL, NULL),
(18, '1', '1', '1234', 26, 26, 28, NULL, NULL, NULL, '11.11', NULL, NULL, NULL, NULL, NULL, NULL),
(19, '1', '1', '1234', 27, 27, 28, NULL, NULL, NULL, '11.11', NULL, NULL, NULL, NULL, NULL, NULL),
(20, '1', '3', 'Asfdasdf', 28, 28, 28, NULL, NULL, NULL, '234.12', NULL, NULL, NULL, NULL, NULL, NULL),
(21, 'Teste', '12', '1', 42, 42, 28, NULL, NULL, NULL, '12.12', NULL, NULL, NULL, NULL, NULL, NULL),
(22, 'Teste', '12', '1', 43, 43, 28, NULL, NULL, NULL, '12.12', NULL, NULL, NULL, NULL, NULL, NULL),
(23, 'Teste', '12', '1', 44, 44, 28, NULL, NULL, NULL, '112.00', NULL, NULL, NULL, NULL, NULL, NULL),
(24, 'Maktub', '18', 'Proibido Entrada De Menores', 45, 45, 28, NULL, NULL, NULL, '10.00', NULL, NULL, NULL, NULL, NULL, NULL),
(25, 'Teste', '12', 'Top', 46, 46, 29, NULL, NULL, NULL, '12.00', NULL, NULL, NULL, NULL, NULL, NULL),
(26, 'Teste', '212222222', 'Fsdfa', 47, 47, 29, NULL, NULL, NULL, '12.00', NULL, NULL, NULL, NULL, NULL, NULL),
(28, 'Ttt', '1', '', 48, 48, 38, NULL, NULL, NULL, '213412.34', NULL, NULL, NULL, NULL, NULL, NULL),
(29, 'Toppen viado', '1', '', 50, 50, 38, '1.00', '0.00', '0.00', NULL, NULL, NULL, NULL, NULL, NULL, NULL),
(32, 'Toppen viado', '44', 'Aaaaa', 51, 51, 38, '2.34', '42.13', '12.00', NULL, NULL, NULL, NULL, NULL, NULL, NULL),
(33, 'Toppen viado', '44', 'Aaaaa', 54, 54, 38, '2.34', '42.13', '12.00', NULL, NULL, NULL, NULL, NULL, NULL, NULL),
(34, 'Por favor', '4', 'Eee', 55, 55, 35, '3.00', '4.00', '5.00', NULL, NULL, NULL, NULL, NULL, NULL, NULL),
(35, 'Ooooooo', '4', '', 56, 56, 35, '4.00', '5.00', NULL, NULL, NULL, NULL, NULL, NULL, NULL, NULL),
(36, 'Ttt', '123', 'Sdaf', 57, 80, 28, NULL, NULL, NULL, '23412.34', NULL, NULL, NULL, NULL, NULL, NULL),
(37, 'Ttt', '123', 'Sdaf', 58, 81, 28, NULL, NULL, NULL, '23412.34', NULL, NULL, NULL, NULL, NULL, NULL),
(38, 'Ttt', '123', 'Sdaf', 59, 82, 28, NULL, NULL, NULL, '23412.34', NULL, NULL, NULL, NULL, NULL, NULL),
(39, 'Ttt', '123', 'Sdaf', 60, 83, 28, NULL, NULL, NULL, '23412.34', NULL, NULL, NULL, NULL, NULL, NULL),
(40, 'Ttt', '123', 'Sdaf', 61, 84, 28, NULL, NULL, NULL, '23412.34', NULL, NULL, NULL, NULL, NULL, NULL),
(41, 'Ttt', '123', 'Sdaf', 62, 85, 28, NULL, NULL, NULL, '23412.34', NULL, NULL, NULL, NULL, NULL, NULL),
(42, 'Ttt', '123', 'Sdaf', 63, 86, 28, NULL, NULL, NULL, '23412.34', NULL, NULL, NULL, NULL, NULL, NULL),
(43, 'Ttt', '123', 'Sdaf', 64, 87, 28, NULL, NULL, NULL, '23412.34', NULL, NULL, NULL, NULL, NULL, NULL),
(44, 'Ttt', '123', 'Sdaf', 65, 88, 28, NULL, NULL, NULL, '23412.34', NULL, NULL, NULL, NULL, NULL, NULL),
(45, 'Rrrr', '12', '', 66, 89, 28, NULL, NULL, NULL, '12.34', NULL, NULL, NULL, NULL, NULL, NULL),
(46, 'Bbbb', '1', '', 67, 90, 28, NULL, NULL, NULL, '1.00', NULL, NULL, NULL, NULL, NULL, NULL),
(47, 'Bbbb', '1', '', 68, 91, 28, NULL, NULL, NULL, '1.00', NULL, NULL, NULL, NULL, NULL, NULL),
(48, 'Yyyyyy', '7', '', 69, 92, 28, NULL, NULL, NULL, '3.00', NULL, NULL, NULL, NULL, NULL, NULL),
(49, 'Yyyyyy', '7', '', 70, 93, 28, NULL, NULL, NULL, '3.00', NULL, NULL, NULL, NULL, NULL, NULL),
(50, 'Rrrrrr', '1', '', 71, 94, 28, NULL, NULL, NULL, '2.34', NULL, NULL, NULL, NULL, NULL, NULL),
(53, 'Hola chicos', '14', 'Qqqq', 74, 101, 28, '4.00', '5.00', '6.00', NULL, NULL, NULL, NULL, NULL, NULL, NULL),
(55, 'WQPOEIRUQWOIERUPQWOIRUPQWOIERUPOQIWERPUQOWERUPQWIE', '433', 'Aaaaaaaaaaaaaaaaaaaaaaaaaaaaaaaaaaaaaaaaaaaaaaaaaaaaaaaaaaaa\\\\\\\\\\\\\\\\\\\\qerweeeeeeeeeeeeeeee', 86, 113, 65, '55555.55', '3.12', '4.14', NULL, NULL, NULL, NULL, NULL, NULL, NULL),
(56, 'Testser', '124', 'Qewrqwerqwerqwerqerqwer', 87, 114, 28, '12.41', '412.34', NULL, NULL, NULL, NULL, NULL, NULL, NULL, NULL),
(57, 'Testser32', '32', '', 88, 115, 28, '12.34', '12.43', NULL, NULL, NULL, NULL, NULL, NULL, NULL, NULL),
(58, '24213421', '423', '4234124', 89, 116, 71, '4123421.34', '123124.34', NULL, NULL, NULL, NULL, NULL, NULL, NULL, NULL),
(59, '24213421', '423', '4234124', 90, 117, 71, '4123421.34', '123124.34', NULL, NULL, NULL, NULL, NULL, NULL, NULL, NULL),
(60, '24213421', '423', '4234124', 92, 119, 71, '4123421.34', '123124.34', NULL, NULL, NULL, NULL, NULL, NULL, NULL, NULL),
(61, '24213421', '423', '4234124', 95, 122, 71, '4123421.34', '123124.34', NULL, NULL, NULL, NULL, NULL, NULL, NULL, NULL),
(62, '24213421', '423', '4234124', 96, 123, 71, '4123421.34', '123124.34', NULL, NULL, NULL, NULL, NULL, NULL, NULL, NULL),
(63, '24213421', '423', '4234124', 97, 124, 71, '4123421.34', '123124.34', NULL, NULL, NULL, NULL, NULL, NULL, NULL, NULL),
(64, '24213421', '423', '4234124', 98, 125, 71, '4123421.34', '123124.34', NULL, NULL, NULL, NULL, NULL, NULL, NULL, NULL),
(65, '24213421', '423', '4234124', 99, 126, 71, '4123421.34', '123124.34', NULL, NULL, NULL, NULL, NULL, NULL, NULL, NULL),
(66, '24213421', '423', '4234124', 100, 127, 71, '4123421.34', '123124.34', NULL, NULL, NULL, NULL, NULL, NULL, NULL, NULL),
(67, '421341234', '423', '12412341234', 101, 128, 28, NULL, NULL, NULL, '4213412.43', NULL, NULL, NULL, NULL, NULL, NULL),
(68, '24213421', '423', '4234124', 102, 129, 71, '4123421.34', '123124.34', NULL, NULL, NULL, NULL, NULL, NULL, NULL, NULL),
(69, '24213421', '423', '4234124', 103, 130, 71, '4123421.34', '123124.34', NULL, NULL, NULL, NULL, NULL, NULL, NULL, NULL),
(70, '24213421', '423', '4234124', 104, 131, 71, '4123421.34', '123124.34', NULL, NULL, NULL, NULL, NULL, NULL, NULL, NULL),
(71, '24213421', '423', '4234124', 105, 132, 71, '4123421.34', '123124.34', NULL, NULL, NULL, NULL, NULL, NULL, NULL, NULL),
(72, '24213421', '423', '4234124', 106, 133, 71, '4123421.34', '123124.34', NULL, NULL, NULL, NULL, NULL, NULL, NULL, NULL),
(73, '24213421', '423', '4234124', 107, 134, 71, '4123421.34', '123124.34', NULL, NULL, NULL, NULL, NULL, NULL, NULL, NULL),
(75, '41243', '421', '1234', 108, 135, 28, '423.41', '4123421.34', NULL, NULL, NULL, NULL, NULL, NULL, NULL, NULL),
(76, '41243', '421', '1234', 110, 137, 28, '423.41', '4123421.34', NULL, NULL, NULL, NULL, NULL, NULL, NULL, NULL),
(77, '41243', '421', '1234', 111, 138, 28, '423.41', '4123421.34', NULL, NULL, NULL, NULL, NULL, NULL, NULL, NULL),
(78, '41243', '421', '1234', 112, 139, 28, '423.41', '4123421.34', NULL, NULL, NULL, NULL, NULL, NULL, NULL, NULL),
(81, 'Rqwerqwer', '412', 'Sarqwerqwerqwerwqer', 115, 142, 28, NULL, NULL, NULL, '41234.12', NULL, NULL, NULL, NULL, NULL, NULL),
(80, '12342134', '412', '', 114, 141, 28, '421.34', '21.34', '1.00', NULL, NULL, NULL, NULL, NULL, NULL, NULL),
(82, 'Rqwerqwer', '412', 'Sarqwerqwerqwerwqer', 116, 143, 28, NULL, NULL, NULL, '41234.12', NULL, NULL, NULL, NULL, NULL, NULL),
(83, 'Rqwerqwer', '412', 'Sarqwerqwerqwerwqer', 117, 144, 28, NULL, NULL, NULL, '41234.12', NULL, NULL, NULL, NULL, NULL, NULL),
(84, 'Rqwerqwer', '412', 'Sarqwerqwerqwerwqer', 118, 145, 28, '412.34', '124123.43', '12341.42', NULL, NULL, NULL, NULL, NULL, NULL, NULL),
(85, 'Rrrrrrrrrrrrr', '412', '', 119, 151, 28, '43.21', '11.11', '44444.43', NULL, NULL, NULL, NULL, NULL, NULL, NULL),
(86, '333333333333', '412', '', 119, 152, 28, '4.44', '33.33', '22.22', NULL, NULL, NULL, NULL, NULL, NULL, NULL),
(87, '333333333333', '412', '', 120, 153, 28, '4.44', '33.33', '22.22', NULL, NULL, NULL, NULL, NULL, NULL, NULL),
(89, 'Tttttttt', '412', '', 121, 154, 28, NULL, NULL, NULL, '4.32', NULL, NULL, NULL, NULL, NULL, NULL),
(90, 'Tttttttt', '412', '', 123, 156, 28, NULL, NULL, NULL, '4.32', NULL, NULL, NULL, NULL, NULL, NULL),
(91, 'Tttttttt', '412', 'Ljlkj', 124, 157, 28, NULL, NULL, NULL, '4.32', NULL, NULL, NULL, NULL, NULL, NULL),
(93, 'Tttttttt', '412', 'Ljlkj', 126, 159, 28, NULL, NULL, NULL, '4.32', NULL, NULL, NULL, NULL, NULL, NULL),
(94, 'Tttttttt', '412', 'Ljlkj', 127, 160, 28, NULL, NULL, NULL, '4.32', NULL, NULL, NULL, NULL, NULL, NULL),
(153, 'JJJJJJJJJJJ', '333', '', 193, 261, 72, NULL, NULL, NULL, '2.34', 'HHHHHHHH', '2018-11-22', '2018-11-22', '12:00:00', '12:00:00', NULL),
(96, 'Tttttttt', '412', 'Ljlkj', 129, 163, 28, NULL, NULL, NULL, '4.32', NULL, NULL, NULL, NULL, NULL, NULL),
(97, 'Tttttttt', '412', 'Ljlkj', 130, 165, 28, NULL, NULL, NULL, '4.32', NULL, NULL, NULL, NULL, NULL, NULL),
(98, 'Rwerwqe', '1', '', 131, 167, 72, '21.34', '12.43', NULL, NULL, NULL, NULL, NULL, NULL, NULL, NULL),
(99, '12342134', '33', '', 132, 171, 28, '3.24', '12.34', NULL, NULL, NULL, NULL, NULL, NULL, NULL, NULL),
(100, '12342134', '33', '', 133, 172, 28, '3.24', '12.34', NULL, NULL, NULL, NULL, NULL, NULL, NULL, NULL),
(101, '12342134', '33', '', 134, 173, 28, '3.24', '12.34', NULL, NULL, NULL, NULL, NULL, NULL, NULL, NULL),
(102, '12342134', '33', '', 135, 174, 28, '3.24', '12.34', NULL, NULL, NULL, NULL, NULL, NULL, NULL, NULL),
(103, '12342134', '33', '', 136, 176, 28, '3.24', '12.34', NULL, NULL, NULL, NULL, NULL, NULL, NULL, NULL),
(104, 'Rqwerqwer', '412', '1234324', 137, 183, 28, NULL, NULL, NULL, '21.34', NULL, NULL, NULL, NULL, NULL, NULL),
(105, 'Rqwerqwer', '412', '1234324', 138, 185, 28, NULL, NULL, NULL, '21.34', NULL, NULL, NULL, NULL, NULL, NULL),
(106, '12342134', '412', '', 139, 196, 28, NULL, NULL, NULL, '21.34', NULL, NULL, NULL, NULL, NULL, NULL),
(107, 'Rqwerqwer', '2', '', 140, 197, 28, '42.00', '3.00', '2.00', NULL, NULL, NULL, NULL, NULL, NULL, NULL),
(108, '12342134', '00', '', 141, 204, 28, '3.24', '3.24', NULL, NULL, NULL, NULL, NULL, NULL, NULL, NULL),
(109, '234214', '123', '', 142, 205, 72, NULL, NULL, NULL, '32.00', NULL, NULL, NULL, NULL, NULL, NULL),
(111, 'Okj', '1', '24', 144, 207, 72, '1.00', '1.00', NULL, NULL, NULL, NULL, NULL, NULL, NULL, NULL),
(112, '1234', '11', '3421', 145, 208, 72, NULL, NULL, NULL, '3.00', NULL, NULL, NULL, NULL, NULL, NULL),
(113, 'Werqwe', '2', '', 146, 210, 28, '2.34', '12.43', NULL, NULL, NULL, NULL, NULL, NULL, NULL, NULL),
(114, 'Rwqe', '2', '', 147, 211, 28, NULL, NULL, NULL, '1.00', NULL, NULL, NULL, NULL, NULL, NULL),
(115, 'Rwqe', '2', '', 148, 212, 28, NULL, NULL, NULL, '1.00', NULL, NULL, NULL, NULL, NULL, NULL),
(116, 'Rwqe', '2', '', 149, 213, 28, NULL, NULL, NULL, '1.00', NULL, NULL, NULL, NULL, NULL, NULL),
(117, 'Rwqe', '2', '', 150, 214, 28, NULL, NULL, NULL, '1.00', NULL, NULL, NULL, NULL, NULL, NULL),
(118, '234', '44', '', 151, 215, 28, NULL, NULL, NULL, '42.31', NULL, NULL, NULL, NULL, NULL, NULL),
(119, '421', '341', '', 152, 216, 28, NULL, NULL, NULL, '12.34', NULL, NULL, NULL, NULL, NULL, NULL),
(120, '421', '341', '', 153, 217, 28, NULL, NULL, NULL, '12.34', NULL, NULL, NULL, NULL, NULL, NULL),
(121, '421', '341', '', 154, 218, 28, NULL, NULL, NULL, '12.34', NULL, NULL, NULL, NULL, NULL, NULL),
(122, '421', '341', '', 155, 219, 28, NULL, NULL, NULL, '12.34', NULL, NULL, NULL, NULL, NULL, NULL),
(123, 'Top', '1', '', 156, 221, 72, NULL, NULL, NULL, '42.13', 'Será top', '2018-11-23', '2018-11-24', '12:22:00', '12:33:00', NULL),
(124, '4213', '21', '', 157, 225, 28, NULL, NULL, NULL, '43.00', NULL, NULL, NULL, NULL, NULL, NULL),
(125, '4213', '21', '', 158, 226, 28, NULL, NULL, NULL, '43.00', NULL, NULL, NULL, NULL, NULL, NULL),
(126, '4213', '21', '', 159, 227, 28, NULL, NULL, NULL, '43.00', NULL, NULL, NULL, NULL, NULL, NULL),
(127, '4213', '21', '', 160, 228, 28, NULL, NULL, NULL, '43.00', NULL, NULL, NULL, NULL, NULL, NULL),
(128, '4213', '21', '', 161, 229, 28, NULL, NULL, NULL, '43.00', NULL, NULL, NULL, NULL, NULL, NULL),
(129, '4213', '21', '', 162, 230, 28, NULL, NULL, NULL, '43.00', NULL, NULL, NULL, NULL, NULL, NULL),
(130, '4213', '21', '', 163, 231, 28, NULL, NULL, NULL, '43.00', NULL, NULL, NULL, NULL, NULL, NULL),
(131, '4213', '21', '', 164, 232, 28, NULL, NULL, NULL, '43.00', NULL, NULL, NULL, NULL, NULL, NULL),
(132, '4213', '21', '', 165, 233, 28, NULL, NULL, NULL, '43.00', NULL, NULL, NULL, NULL, NULL, NULL),
(133, '4213', '21', '', 166, 234, 28, NULL, NULL, NULL, '43.00', NULL, NULL, NULL, NULL, NULL, NULL),
(134, '4213', '21', '', 167, 235, 28, NULL, NULL, NULL, '43.00', NULL, NULL, NULL, NULL, NULL, NULL),
(135, '4213', '21', '', 168, 236, 28, NULL, NULL, NULL, '43.00', NULL, NULL, NULL, NULL, NULL, NULL),
(136, '4213', '21', '', 169, 237, 28, NULL, NULL, NULL, '43.00', NULL, NULL, NULL, NULL, NULL, NULL),
(137, '4213', '21', '', 170, 238, 28, NULL, NULL, NULL, '43.00', NULL, NULL, NULL, NULL, NULL, NULL),
(138, 'Wreq', '112', '', 178, 246, 28, NULL, NULL, NULL, '23.00', 'Weqr', '2018-11-21', '2018-11-21', '12:00:00', '12:00:00', NULL),
(139, 'Wreq', '112', '', 179, 247, 28, NULL, NULL, NULL, '23.00', 'Weqr', '2018-11-21', '2018-11-21', '12:00:00', '12:00:00', NULL),
(140, 'Wreq', '112', '', 180, 248, 28, NULL, NULL, NULL, '23.00', 'Weqr', '2018-11-21', '2018-11-21', '12:21:00', '12:22:00', NULL),
(141, 'Wreq', '112', '', 181, 249, 28, NULL, NULL, NULL, '23.00', 'Weqr', '2018-11-21', '2018-11-21', '12:33:00', '12:22:00', NULL),
(142, 'Re', '21', '', 182, 250, 72, NULL, NULL, NULL, '23.00', 'Er', '2018-11-21', '2018-11-21', '05:55:00', '04:44:00', NULL),
(143, 'SERÁ TOPPPPPPPPPPPPPPPPPPPPPPPPPPPPPPPPPPPPPPPPPPP', '0', '', 183, 251, 28, NULL, NULL, NULL, '4.32', 'Oooooooloco bixo', '2018-11-21', '2018-11-23', '12:00:00', '22:00:00', NULL),
(144, '1', '0', '', 184, 252, 28, NULL, NULL, NULL, '4.32', 'Oooooooloco bixo', '2018-11-21', '2018-11-21', '12:00:00', '12:00:00', NULL),
(145, '1', '0', '', 185, 253, 28, NULL, NULL, NULL, '4.32', 'Oooooooloco bixo', '2018-11-21', '2018-11-21', '12:00:00', '13:02:00', NULL),
(146, '1', '0', '', 186, 254, 28, NULL, NULL, NULL, '4.32', 'Oooooooloco bixo', '2018-11-21', '2018-11-21', '12:00:00', '13:00:00', NULL),
(147, '1', '0', '', 187, 255, 28, NULL, NULL, NULL, '4.32', 'Oooooooloco bixo', '2018-11-21', '2018-11-21', '12:02:00', '13:00:00', NULL),
(148, '1', '0', '', 188, 256, 28, NULL, NULL, NULL, '4.32', 'Oooooooloco bixo', '2018-11-21', '2018-11-21', '12:00:00', '12:00:00', NULL),
(149, '1', '12', '', 189, 257, 28, '23.00', '23.00', NULL, NULL, 'Oooooooloco bixo', '2018-11-21', '2018-11-21', '12:00:00', '12:00:00', NULL),
(150, '1', '21', '', 190, 258, 28, '32.00', '23.00', NULL, NULL, 'Oooooooloco bixo', '2018-11-21', '2018-11-21', '12:00:00', '12:00:00', NULL),
(154, 'Qwerwer', '123', '', 194, 262, 28, NULL, NULL, NULL, '12.34', 'Qwerwreq', '2018-11-22', '2018-11-22', '12:00:00', '12:00:00', NULL),
(155, NULL, NULL, NULL, NULL, NULL, NULL, NULL, NULL, NULL, NULL, NULL, NULL, NULL, NULL, NULL, '28155ternet.png'),
(156, 'Qwerwer', '123', '', 195, 263, 28, NULL, NULL, NULL, '12.34', 'Qwerwreq', '2018-11-22', '2018-11-22', '12:00:00', '12:00:00', NULL),
(157, NULL, NULL, NULL, NULL, NULL, NULL, NULL, NULL, NULL, NULL, NULL, NULL, NULL, NULL, NULL, '157ternet.png'),
(158, 'Qwerwer', '123', '', 196, 264, 28, NULL, NULL, NULL, '12.34', 'Qwerwreq', '2018-11-22', '2018-11-22', '12:00:00', '12:00:00', NULL),
(159, NULL, NULL, NULL, NULL, NULL, NULL, NULL, NULL, NULL, NULL, NULL, NULL, NULL, NULL, NULL, '159ternet.png'),
(160, 'Qwerwer', '123', '', 197, 265, 28, NULL, NULL, NULL, '12.34', 'Qwerwreq', '2018-11-22', '2018-11-22', '12:00:00', '12:00:00', NULL),
(161, NULL, NULL, NULL, NULL, NULL, NULL, NULL, NULL, NULL, NULL, NULL, NULL, NULL, NULL, NULL, '161ternet.png'),
(162, 'Qwerwer', '123', '', 198, 266, 28, NULL, NULL, NULL, '12.34', 'Qwerwreq', '2018-11-22', '2018-11-22', '12:00:00', '12:00:00', NULL),
(163, 'Qwerwer', '123', '', 199, 267, 28, NULL, NULL, NULL, '12.34', 'Qwerwreq', '2018-11-22', '2018-11-22', '12:00:00', '12:00:00', NULL),
(164, 'Qwerwer', '123', '', 200, 268, 28, NULL, NULL, NULL, '12.34', 'Qwerwreq', '2018-11-22', '2018-11-22', '12:00:00', '12:00:00', NULL),
(165, 'Qwerwer', '123', '', 201, 269, 28, NULL, NULL, NULL, '12.34', 'Qwerwreq', '2018-11-22', '2018-11-22', '12:00:00', '12:00:00', '$nome_final'),
(166, 'Qwerwer', '123', '', 202, 270, 28, NULL, NULL, NULL, '12.34', 'Qwerwreq', '2018-11-22', '2018-11-22', '12:00:00', '12:00:00', NULL),
(167, 'Qwerwer', '123', '', 203, 271, 28, NULL, NULL, NULL, '12.34', 'Qwerwreq', '2018-11-22', '2018-11-22', '12:00:00', '12:00:00', 'ok'),
(168, 'Qwerwer', '123', '', 204, 272, 28, NULL, NULL, NULL, '12.34', 'Qwerwreq', '2018-11-22', '2018-11-22', '12:00:00', '12:00:00', NULL),
(169, 'Qwerwer', '123', '', 205, 273, 28, NULL, NULL, NULL, '12.34', 'Qwerwreq', '2018-11-22', '2018-11-22', '12:00:00', '12:00:00', NULL),
(170, 'Qwerwer', '123', '', 206, 274, 28, NULL, NULL, NULL, '12.34', 'Qwerwreq', '2018-11-22', '2018-11-22', '12:00:00', '12:00:00', NULL),
(171, 'Qwerwer', '123', '', 207, 275, 28, NULL, NULL, NULL, '12.34', 'Qwerwreq', '2018-11-22', '2018-11-22', '12:00:00', '12:00:00', NULL),
(172, 'Qwerwer', '123', '', 208, 276, 28, NULL, NULL, NULL, '12.34', 'Qwerwreq', '2018-11-22', '2018-11-22', '12:00:00', '12:00:00', NULL),
(173, 'Qwerwer', '123', '', 209, 277, 28, NULL, NULL, NULL, '12.34', 'Qwerwreq', '2018-11-22', '2018-11-22', '12:00:00', '12:00:00', NULL),
(174, 'Qwerwer', '123', '', 210, 278, 28, NULL, NULL, NULL, '12.34', 'Qwerwreq', '2018-11-22', '2018-11-22', '12:00:00', '12:00:00', NULL),
(175, 'Qwerwer', '123', '', 211, 279, 28, NULL, NULL, NULL, '12.34', 'Qwerwreq', '2018-11-22', '2018-11-22', '12:00:00', '12:00:00', NULL),
(176, 'Qwerwer', '123', '', 212, 280, 28, NULL, NULL, NULL, '12.34', 'Qwerwreq', '2018-11-22', '2018-11-22', '12:00:00', '12:00:00', NULL),
(177, 'Qwerwer', '123', '', 213, 281, 28, NULL, NULL, NULL, '12.34', 'Qwerwreq', '2018-11-22', '2018-11-22', '12:00:00', '12:00:00', '179ternet.png'),
(178, 'Qwerwer', '123', '', 214, 282, 28, NULL, NULL, NULL, '12.34', 'Qwerwreq', '2018-11-22', '2018-11-22', '12:00:00', '12:00:00', NULL),
(179, 'Qwerwer', '123', '', 215, 283, 28, NULL, NULL, NULL, '12.34', 'Qwerwreq', '2018-11-22', '2018-11-22', '12:00:00', '12:00:00', NULL),
(180, 'Qwerwer', '123', '', 216, 284, 28, NULL, NULL, NULL, '12.34', 'Qwerwreq', '2018-11-22', '2018-11-22', '12:00:00', '12:00:00', NULL),
(181, 'Qwerwer', '123', '', 217, 285, 28, NULL, NULL, NULL, '12.34', 'Qwerwreq', '2018-11-22', '2018-11-22', '12:00:00', '12:00:00', '182ternet.png'),
(182, 'Qwerwer', '123', '', 218, 286, 28, NULL, NULL, NULL, '12.34', 'Qwerwreq', '2018-11-22', '2018-11-22', '12:00:00', '12:00:00', NULL),
(183, 'Qwerwer', '123', '', 219, 287, 28, NULL, NULL, NULL, '12.34', 'Qwerwreq', '2018-11-22', '2018-11-22', '12:00:00', '12:00:00', NULL),
(184, 'Qwerwer', '123', '', 220, 288, 28, NULL, NULL, NULL, '12.34', 'Qwerwreq', '2018-11-22', '2018-11-22', '12:00:00', '12:00:00', NULL),
(185, 'Qwerwer', '123', '', 221, 289, 28, NULL, NULL, NULL, '12.34', 'Qwerwreq', '2018-11-22', '2018-11-22', '12:00:00', '12:00:00', NULL),
(186, 'Qwerwer', '123', '', 222, 290, 28, NULL, NULL, NULL, '12.34', 'Qwerwreq', '2018-11-22', '2018-11-22', '12:00:00', '12:00:00', NULL),
(187, 'Qwerqwre', '32', '', 223, 291, 28, NULL, NULL, NULL, '4.23', 'Qwer', '2018-11-22', '2018-11-22', '12:00:00', '12:00:00', NULL),
(188, 'Qwerqwre', '32', '', 224, 292, 28, NULL, NULL, NULL, '4.23', 'Qwer', '2018-11-22', '2018-11-22', '12:00:00', '12:00:00', NULL),
(189, 'Qwerqwre', '32', '', 225, 293, 28, NULL, NULL, NULL, '4.23', 'Qwer', '2018-11-22', '2018-11-22', '12:00:00', '12:00:00', NULL),
(190, 'Qwerqwre', '32', '', 226, 294, 28, NULL, NULL, NULL, '4.23', 'Qwer', '2018-11-22', '2018-11-22', '12:00:00', '12:00:00', NULL),
(191, 'Qwerqwre', '32', '', 227, 295, 28, NULL, NULL, NULL, '4.23', 'Qwer', '2018-11-22', '2018-11-22', '12:00:00', '12:00:00', '191mail.png'),
(192, 'Qwerqwre', '32', '', 228, 296, 28, NULL, NULL, NULL, '4.23', 'Qwer', '2018-11-22', '2018-11-22', '12:00:00', '12:00:00', '192imgmail.png'),
(193, 'Top', '23', '', 229, 297, 28, '2.34', '2.34', NULL, NULL, 'Top', '2018-11-22', '2018-11-22', '12:00:00', '12:00:00', NULL),
(194, 'Top', '23', '', 230, 298, 28, '2.34', '2.34', NULL, NULL, 'Top', '2018-11-22', '2018-11-22', '12:00:00', '12:00:00', '194img3.jpg'),
(195, 'Top', '23', '', 231, 299, 28, '2.34', '2.34', NULL, NULL, 'Top', '2018-11-22', '2018-11-22', '12:00:00', '12:00:00', '195img1.jpg'),
(196, 'Top', '23', '', 232, 300, 28, '2.34', '2.34', NULL, NULL, 'Top', '2018-11-22', '2018-11-22', '12:00:00', '12:00:00', '196img5.jpg'),
(197, 'Top', '23', '', 233, 301, 28, '2.34', '2.34', NULL, NULL, 'Top', '2018-11-22', '2018-11-22', '12:00:00', '12:00:00', NULL),
(198, 'Top', '23', '', 234, 302, 28, '2.34', '2.34', NULL, NULL, 'Top', '2018-11-22', '2018-11-22', '12:00:00', '12:00:00', NULL),
(199, 'Top', '23', '', 235, 303, 28, '2.34', '2.34', NULL, NULL, 'Top', '2018-11-22', '2018-11-22', '12:00:00', '12:00:00', NULL),
(200, 'Top', '23', '', 236, 304, 28, '2.34', '2.34', NULL, NULL, 'Top', '2018-11-22', '2018-11-22', '12:00:00', '12:00:00', '200img9.jpg'),
(201, 'Top', '23', '', 237, 305, 28, '2.34', '2.34', NULL, NULL, 'Top', '2018-11-22', '2018-11-22', '12:00:00', '12:00:00', '201img9.jpg'),
(202, 'Top', '23', '', 238, 306, 28, '2.34', '2.34', NULL, NULL, 'Top', '2018-11-22', '2018-11-22', '12:00:00', '12:00:00', '202img9.jpg'),
(203, 'Top', '23', '', 239, 307, 28, '2.34', '2.34', NULL, NULL, 'Top', '2018-11-22', '2018-11-22', '12:00:00', '12:00:00', '203img9.jpg'),
(204, 'Topooooooo', '23', '', 240, 308, 28, '2.34', '2.34', NULL, NULL, 'Top', '2018-11-22', '2018-11-22', '12:00:00', '12:00:00', NULL),
(205, 'Topooooooo', '23', '', 241, 309, 28, '2.34', '2.34', NULL, NULL, 'Top', '2018-11-22', '2018-11-22', '12:00:00', '12:00:00', NULL),
(206, 'Topooooooo', '23', '', 242, 310, 28, '2.34', '2.34', NULL, NULL, 'Top', '2018-11-22', '2018-11-22', '12:00:00', '12:00:00', NULL),
(207, 'Werwqer', '23', '', 243, 311, 28, '2.34', '2132.13', NULL, NULL, 'Wqerqewr', '2018-11-22', '2018-11-22', '12:00:00', '12:00:00', '207img3.jpg'),
(208, 'Werwqer', '23', '', 244, 312, 28, NULL, NULL, NULL, '2.34', 'Wqerqewr', '2018-11-22', '2018-11-22', '12:00:00', '12:00:00', '208img8.jpg'),
(209, 'Wrqwerqwer', '32', '', 245, 313, 28, NULL, NULL, NULL, '12342.34', 'Qwerqwer', '2018-11-22', '2018-11-22', '12:00:00', '12:00:00', '209imgbg6.png');

-- --------------------------------------------------------

--
-- Estrutura da tabela `tb_logradouro`
--

DROP TABLE IF EXISTS `tb_logradouro`;
CREATE TABLE IF NOT EXISTS `tb_logradouro` (
  `cd_logradouro` int(5) NOT NULL AUTO_INCREMENT,
  `nm_rua` varchar(60) DEFAULT NULL,
  `cd_numero` int(6) DEFAULT NULL,
  `cd_cep` varchar(10) DEFAULT NULL,
  `cd_bairro` int(5) DEFAULT NULL,
  PRIMARY KEY (`cd_logradouro`)
) ENGINE=MyISAM AUTO_INCREMENT=246 DEFAULT CHARSET=latin1;

--
-- Extraindo dados da tabela `tb_logradouro`
--

INSERT INTO `tb_logradouro` (`cd_logradouro`, `nm_rua`, `cd_numero`, `cd_cep`, `cd_bairro`) VALUES
(84, 'Rua Doutor João Sampaio', 3221, '11702010', 111),
(2, 'Rua 25 de Agosto', 122, '81670200', 2),
(3, 'Rua Doutor João Sampaio', 82, '11702010', 3),
(4, 'Rua Doutor João Sampaio', 99, '11702010', 4),
(5, 'Rua Doutor João Sampaio', 21, '11702010', 5),
(6, 'Rua Doutor João Sampaio', 80, '11702010', 6),
(7, 'Rua Doutor João Sampaio', 21, '11702010', 7),
(8, 'Rua Doutor João Sampaio', 122341243, '11702010', 8),
(9, 'Rua Doutor João Sampaio', 1234, '11702010', 9),
(10, 'Rua Doutor João Sampaio', 1234, '11702010', 10),
(11, 'Rua Doutor João Sampaio', 12, '11702010', 11),
(12, 'Rua Doutor João Sampaio', 12, '11702010', 12),
(13, 'Rua Doutor João Sampaio', -12, '11702010', 13),
(14, 'Rua Doutor João Sampaio', -12, '11702010', 14),
(15, 'Rua Doutor João Sampaio', -12, '11702010', 15),
(16, 'Rua Doutor João Sampaio', 84, '11702010', 16),
(17, 'Rua Doutor João Sampaio', 84, '11702010', 17),
(18, 'Rua Doutor João Sampaio', 84, '11702010', 18),
(19, 'Rua Doutor João Sampaio', 84, '11702010', 19),
(20, 'Rua Doutor João Sampaio', 84, '11702010', 20),
(21, 'Rua Doutor João Sampaio', 84, '11702010', 21),
(22, 'Rua Doutor João Sampaio', 84, '11702010', 22),
(23, 'Rua Doutor João Sampaio', 1, '11702010', 23),
(24, 'Rua Doutor João Sampaio', 1, '11702010', 24),
(25, 'Rua Doutor João Sampaio', 1, '11702010', 25),
(26, 'Rua Doutor João Sampaio', 11, '11702010', 26),
(27, 'Rua Doutor João Sampaio', 11, '11702010', 27),
(28, 'Rua Doutor João Sampaio', 44, '11702010', 28),
(29, 'Rua Doutor João Sampaio', 44, '11702010', 29),
(30, 'Rua Doutor João Sampaio', 44, '11702010', 30),
(31, 'Rua Doutor João Sampaio', 44, '11702010', 31),
(32, 'Rua Doutor João Sampaio', 44, '11702010', 32),
(33, 'Rua Doutor João Sampaio', 23, '11702010', 33),
(34, 'Rua Doutor João Sampaio', 32, '11702010', 34),
(35, 'Rua Doutor João Sampaio', 32, '11702010', 35),
(36, 'Rua Doutor João Sampaio', 12, '11702010', 36),
(37, 'Rua Doutor João Sampaio', 12, '11702010', 37),
(38, 'Rua Doutor João Sampaio', 12, '11702010', 38),
(39, 'Rua Doutor João Sampaio', 12, '11702010', 39),
(40, 'Rua Doutor João Sampaio', 12, '11702010', 40),
(41, 'Rua Doutor João Sampaio', 1, '11702010', 41),
(42, 'Rua Doutor João Sampaio', 1, '11702010', 42),
(43, 'Rua Doutor João Sampaio', 1, '11702010', 43),
(44, 'Rua Doutor João Sampaio', 1, '11702010', 44),
(45, 'Rua Ipanema', 686, '03164200', 45),
(46, 'Rua Doutor João Sampaio', 84, '11702010', 46),
(47, 'Rua Doutor João Sampaio', 44444, '11702010', 47),
(49, 'Rua Doutor João Sampaio', 4, '11702010', 48),
(50, 'Rua Doutor João Sampaio', 4, '11702010', 50),
(53, 'Rua Doutor João Sampaio', 2423, '11702010', 51),
(54, 'Rua Doutor João Sampaio', 2423, '11702010', 54),
(55, 'Rua Doutor João Sampaio', 44, '11702010', 55),
(56, 'rrrrrr', 4444, '12342341', 56),
(57, 'Rua Doutor João Sampaio', 243, '11702010', 80),
(58, 'Rua Doutor João Sampaio', 243, '11702010', 81),
(59, 'Rua Doutor João Sampaio', 243, '11702010', 82),
(60, 'Rua Doutor João Sampaio', 243, '11702010', 83),
(61, 'Rua Doutor João Sampaio', 243, '11702010', 84),
(62, 'Rua Doutor João Sampaio', 243, '11702010', 85),
(63, 'Rua Doutor João Sampaio', 243, '11702010', 86),
(64, 'Rua Doutor João Sampaio', 243, '11702010', 87),
(65, 'Rua Doutor João Sampaio', 243, '11702010', 88),
(66, 'Rua Doutor João Sampaio', 2, '11702010', 89),
(67, 'Rua Doutor João Sampaio', 3, '11702010', 90),
(68, 'Rua Doutor João Sampaio', 3, '11702010', 91),
(69, 'Rua Ipanema', 3, '03164200', 92),
(70, 'Rua Doutor João Sampaio', 3, '11702010', 93),
(71, 'Rua Doutor João Sampaio', 1, '11702010', 94),
(74, 'Rua Doutor João Sampaio', 1111, '11702010', 101),
(85, 'Rua Doutor João Sampaio', 3221, '11702010', 112),
(75, 'Rua Doutor João Sampaio', 12, '11702010', 102),
(76, 'Rua Doutor João Sampaio', 12, '11702010', 103),
(77, 'Rua Doutor João Sampaio', 12, '11702010', 104),
(78, 'Rua Doutor João Sampaio', 12, '11702010', 105),
(79, 'Rua Doutor João Sampaio', 12, '11702010', 106),
(80, 'Rua Doutor João Sampaio', 12, '11702010', 107),
(81, 'Rua Doutor João Sampaio', 12, '11702010', 108),
(82, 'Rua Doutor João Sampaio', 12, '11702010', 109),
(83, 'Rua Doutor João Sampaio', 12, '11702010', 110),
(86, 'Rua Doutor João Sampaio', 3221, '11702010', 113),
(87, 'Rua Doutor João Sampaio', 423, '11702010', 114),
(88, 'Rua Doutor João Sampaio', 231, '11702010', 115),
(89, 'Rua Doutor João Sampaio', 234, '11702010', 116),
(90, 'Rua Doutor João Sampaio', 234, '11702010', 117),
(91, 'Rua Doutor João Sampaio', 234, '11702010', 118),
(92, 'Rua Doutor João Sampaio', 234, '11702010', 119),
(93, 'Rua Doutor João Sampaio', 234, '11702010', 120),
(94, 'Rua Doutor João Sampaio', 234, '11702010', 121),
(95, 'Rua Doutor João Sampaio', 234, '11702010', 122),
(96, 'Rua Doutor João Sampaio', 234, '11702010', 123),
(97, 'Rua Doutor João Sampaio', 234, '11702010', 124),
(98, 'Rua Doutor João Sampaio', 234, '11702010', 125),
(99, 'Rua Doutor João Sampaio', 234, '11702010', 126),
(100, 'Rua Doutor João Sampaio', 234, '11702010', 127),
(101, 'Rua Doutor João Sampaio', 4231, '11702010', 128),
(102, 'Rua Doutor João Sampaio', 234, '11702010', 129),
(103, 'Rua Doutor João Sampaio', 234, '11702010', 130),
(104, 'Rua Doutor João Sampaio', 234, '11702010', 131),
(105, 'Rua Doutor João Sampaio', 234, '11702010', 132),
(106, 'Rua Doutor João Sampaio', 234, '11702010', 133),
(107, 'Rua Doutor João Sampaio', 234, '11702010', 134),
(109, 'Rua Doutor João Sampaio', 43, '11702010', 135),
(110, 'Rua Doutor João Sampaio', 43, '11702010', 137),
(111, 'Rua Doutor João Sampaio', 43, '11702010', 138),
(112, 'Rua Doutor João Sampaio', 43, '11702010', 139),
(115, 'Rua Doutor João Sampaio', 12342143, '11702010', 142),
(114, 'Rua Doutor João Sampaio', 43, '11702010', 141),
(116, 'Rua Doutor João Sampaio', 12342143, '11702010', 143),
(117, 'Rua Doutor João Sampaio', 12342143, '11702010', 144),
(118, 'Rua Doutor João Sampaio', 12342143, '11702010', 145),
(119, 'Rua Doutor João Sampaio', 333, '11702010', 152),
(120, 'Rua Doutor João Sampaio', 2412344, '11702010', 153),
(122, 'Rua Doutor João Sampaio', 34, '11702010', 154),
(123, 'Rua Doutor João Sampaio', 34, '11702010', 156),
(124, 'Rua Doutor João Sampaio', 34, '11702010', 157),
(196, 'Rua Doutor João Sampaio', 23, '11702010', 264),
(126, 'Rua Doutor João Sampaio', 34, '11702010', 159),
(127, 'Rua Doutor João Sampaio', 34, '11702010', 160),
(193, 'Travessa 19 de Agosto', 23, '04180112', 261),
(129, 'Rua Doutor João Sampaio', 34, '11702010', 163),
(130, 'Rua Doutor João Sampaio', 34, '11702010', 165),
(131, 'Rua Doutor João Sampaio', 77, '11702010', 167),
(132, 'Rua Doutor João Sampaio', 34, '11702010', 171),
(133, 'Rua Doutor João Sampaio', 34, '11702010', 172),
(134, 'Rua Doutor João Sampaio', 34, '11702010', 173),
(135, 'Rua Doutor João Sampaio', 34, '11702010', 174),
(136, 'Rua Doutor João Sampaio', 34, '11702010', 176),
(137, 'Rua Doutor João Sampaio', 43, '11702010', 183),
(138, 'Rua Doutor João Sampaio', 43, '11702010', 185),
(139, 'Rua Doutor João Sampaio', 34, '11702010', 196),
(140, 'Rua Doutor João Sampaio', 34, '11702010', 197),
(141, 'Rua Doutor João Sampaio', 2, '11702010', 204),
(142, 'Rua Doutor João Sampaio', 2, '11702010', 205),
(195, 'Rua Doutor João Sampaio', 23, '11702010', 263),
(144, 'Rua Doutor João Sampaio', 3, '11702010', 207),
(145, 'Rua Doutor João Sampaio', 32, '11702010', 208),
(146, 'Rua Doutor João Sampaio', 12, '11702010', 210),
(147, 'Rua Doutor João Sampaio', 2, '11702010', 211),
(148, 'Rua Doutor João Sampaio', 2, '11702010', 212),
(149, 'Rua Doutor João Sampaio', 2, '11702010', 213),
(150, 'Rua Doutor João Sampaio', 2, '11702010', 214),
(151, 'Rua Doutor João Sampaio', 1111, '11702010', 215),
(152, 'Rua Doutor João Sampaio', 3, '11702010', 216),
(153, 'Rua Doutor João Sampaio', 3, '11702010', 217),
(154, 'Rua Doutor João Sampaio', 3, '11702010', 218),
(155, 'Rua Doutor João Sampaio', 3, '11702010', 219),
(156, 'Rua Doutor João Sampaio', 2, '11702010', 221),
(157, 'Rua Doutor João Sampaio', 2, '11702010', 225),
(158, 'Rua Doutor João Sampaio', 2, '11702010', 226),
(159, 'Rua Doutor João Sampaio', 2, '11702010', 227),
(160, 'Rua Doutor João Sampaio', 2, '11702010', 228),
(161, 'Rua Doutor João Sampaio', 2, '11702010', 229),
(162, 'Rua Doutor João Sampaio', 2, '11702010', 230),
(163, 'Rua Doutor João Sampaio', 2, '11702010', 231),
(164, 'Rua Doutor João Sampaio', 2, '11702010', 232),
(165, 'Rua Doutor João Sampaio', 2, '11702010', 233),
(166, 'Rua Doutor João Sampaio', 2, '11702010', 234),
(167, 'Rua Doutor João Sampaio', 2, '11702010', 235),
(168, 'Rua Doutor João Sampaio', 2, '11702010', 236),
(169, 'Rua Doutor João Sampaio', 2, '11702010', 237),
(170, 'Rua Doutor João Sampaio', 2, '11702010', 238),
(171, 'Rua Doutor João Sampaio', 3, '11702010', 239),
(172, 'Rua Doutor João Sampaio', 3, '11702010', 240),
(173, 'Rua Doutor João Sampaio', 32, '11702010', 241),
(174, 'Rua Doutor João Sampaio', 32, '11702010', 242),
(175, 'Rua Doutor João Sampaio', 32, '11702010', 243),
(176, 'Rua Doutor João Sampaio', 32, '11702010', 244),
(177, 'Rua Doutor João Sampaio', 11, '11702010', 245),
(178, 'Rua Doutor João Sampaio', 11, '11702010', 246),
(179, 'Rua Doutor João Sampaio', 11, '11702010', 247),
(180, 'Rua Doutor João Sampaio', 11, '11702010', 248),
(181, 'Rua Doutor João Sampaio', 11, '11702010', 249),
(182, 'Rua Doutor João Sampaio', 2, '11702010', 250),
(183, 'Rua Doutor João Sampaio', 23, '11702010', 251),
(184, 'Rua Doutor João Sampaio', 23, '11702010', 252),
(185, 'Rua Doutor João Sampaio', 23, '11702010', 253),
(186, 'Rua Doutor João Sampaio', 23, '11702010', 254),
(187, 'Rua Doutor João Sampaio', 23, '11702010', 255),
(188, 'Rua Doutor João Sampaio', 23, '11702010', 256),
(189, 'Rua Doutor João Sampaio', 23, '11702010', 257),
(190, 'Rua Doutor João Sampaio', 23, '11702010', 258),
(197, 'Rua Doutor João Sampaio', 23, '11702010', 265),
(194, 'Rua Doutor João Sampaio', 23, '11702010', 262),
(198, 'Rua Doutor João Sampaio', 23, '11702010', 266),
(199, 'Rua Doutor João Sampaio', 23, '11702010', 267),
(200, 'Rua Doutor João Sampaio', 23, '11702010', 268),
(201, 'Rua Doutor João Sampaio', 23, '11702010', 269),
(202, 'Rua Doutor João Sampaio', 23, '11702010', 270),
(203, 'Rua Doutor João Sampaio', 23, '11702010', 271),
(204, 'Rua Doutor João Sampaio', 23, '11702010', 272),
(205, 'Rua Doutor João Sampaio', 23, '11702010', 273),
(206, 'Rua Doutor João Sampaio', 23, '11702010', 274),
(207, 'Rua Doutor João Sampaio', 23, '11702010', 275),
(208, 'Rua Doutor João Sampaio', 23, '11702010', 276),
(209, 'Rua Doutor João Sampaio', 23, '11702010', 277),
(210, 'Rua Doutor João Sampaio', 23, '11702010', 278),
(211, 'Rua Doutor João Sampaio', 23, '11702010', 279),
(212, 'Rua Doutor João Sampaio', 23, '11702010', 280),
(213, 'Rua Doutor João Sampaio', 23, '11702010', 281),
(214, 'Rua Doutor João Sampaio', 23, '11702010', 282),
(215, 'Rua Doutor João Sampaio', 23, '11702010', 283),
(216, 'Rua Doutor João Sampaio', 23, '11702010', 284),
(217, 'Rua Doutor João Sampaio', 23, '11702010', 285),
(218, 'Rua Doutor João Sampaio', 23, '11702010', 286),
(219, 'Rua Doutor João Sampaio', 23, '11702010', 287),
(220, 'Rua Doutor João Sampaio', 23, '11702010', 288),
(221, 'Rua Doutor João Sampaio', 23, '11702010', 289),
(222, 'Rua Doutor João Sampaio', 23, '11702010', 290),
(223, 'Rua Doutor João Sampaio', 3, '11702010', 291),
(224, 'Rua Doutor João Sampaio', 3, '11702010', 292),
(225, 'Rua Doutor João Sampaio', 3, '11702010', 293),
(226, 'Rua Doutor João Sampaio', 3, '11702010', 294),
(227, 'Rua Doutor João Sampaio', 3, '11702010', 295),
(228, 'Rua Doutor João Sampaio', 3, '11702010', 296),
(229, 'Rua Doutor João Sampaio', 32, '11702010', 297),
(230, 'Rua Doutor João Sampaio', 32, '11702010', 298),
(231, 'Rua Doutor João Sampaio', 32, '11702010', 299),
(232, 'Rua Doutor João Sampaio', 32, '11702010', 300),
(233, 'Rua Doutor João Sampaio', 32, '11702010', 301),
(234, 'Rua Doutor João Sampaio', 32, '11702010', 302),
(235, 'Rua Doutor João Sampaio', 32, '11702010', 303),
(236, 'Rua Doutor João Sampaio', 32, '11702010', 304),
(237, 'Rua Doutor João Sampaio', 32, '11702010', 305),
(238, 'Rua Doutor João Sampaio', 32, '11702010', 306),
(239, 'Rua Doutor João Sampaio', 32, '11702010', 307),
(240, 'Rua Doutor João Sampaio', 32, '11702010', 308),
(241, 'Rua Doutor João Sampaio', 32, '11702010', 309),
(242, 'Rua Doutor João Sampaio', 32, '11702010', 310),
(243, 'Rua Doutor João Sampaio', 3, '11702010', 311),
(244, 'Rua Doutor João Sampaio', 3, '11702010', 312),
(245, 'Rua Doutor João Sampaio', 23, '11702010', 313);

-- --------------------------------------------------------

--
-- Estrutura da tabela `tb_pessoa_fisica`
--

DROP TABLE IF EXISTS `tb_pessoa_fisica`;
CREATE TABLE IF NOT EXISTS `tb_pessoa_fisica` (
  `cd_pessoa_fisica` int(5) NOT NULL AUTO_INCREMENT,
  `cd_cpf` varchar(14) DEFAULT NULL,
  PRIMARY KEY (`cd_pessoa_fisica`)
) ENGINE=MyISAM AUTO_INCREMENT=65 DEFAULT CHARSET=latin1;

--
-- Extraindo dados da tabela `tb_pessoa_fisica`
--

INSERT INTO `tb_pessoa_fisica` (`cd_pessoa_fisica`, `cd_cpf`) VALUES
(1, '1'),
(2, '3453245'),
(3, '345324534234'),
(4, '234234'),
(5, '2342134'),
(6, '23234'),
(7, ''),
(8, '234'),
(9, '2134'),
(10, '23412342143'),
(11, '1234'),
(12, '21341234'),
(13, '12341'),
(14, '12341234'),
(15, '12341234x'),
(16, '345'),
(17, '3451'),
(18, '123412341234'),
(19, '12'),
(20, '44'),
(21, '4444444444'),
(22, '2314'),
(23, '50316561827'),
(24, '5031656182'),
(25, '122'),
(26, '111111111'),
(27, '22222'),
(28, '123.4'),
(29, '421.342.134'),
(30, '555.55'),
(31, '555.555'),
(32, '555.555.5'),
(33, '1234'),
(34, '123.1'),
(35, '444.444'),
(36, '444.444.444'),
(37, '234.123.423'),
(38, '123.444.3'),
(39, '112.344.44'),
(40, '643.345.44'),
(41, '234.213.4'),
(42, '432.444.44'),
(43, '432.444.444-21'),
(44, '432.444.444-21'),
(45, '643.345.444-23'),
(46, '643.345.444-23'),
(47, '643.345.444-44'),
(48, '129.837.409-12'),
(49, '444.533.341-23'),
(50, '234.234.1'),
(51, '213.412.34'),
(52, '213.412.344-22'),
(53, '213.412.344-25'),
(54, '123.412.412-34'),
(55, '503.165.618-25'),
(56, '503.165.618-27'),
(57, '503.165.618-2'),
(58, '134.134.213-42'),
(59, '423.1'),
(60, '423.142.13'),
(61, '741.290.837-40'),
(62, '213.412.341-23'),
(63, '502.938.147-21'),
(64, '742.984.712-00');

-- --------------------------------------------------------

--
-- Estrutura da tabela `tb_pessoa_juridica`
--

DROP TABLE IF EXISTS `tb_pessoa_juridica`;
CREATE TABLE IF NOT EXISTS `tb_pessoa_juridica` (
  `cd_pessoa_juridica` int(5) NOT NULL AUTO_INCREMENT,
  `cd_cnpj` varchar(18) DEFAULT NULL,
  `cd_inscricao_estadual` varchar(15) DEFAULT NULL,
  `cd_situacao` int(5) DEFAULT NULL,
  PRIMARY KEY (`cd_pessoa_juridica`)
) ENGINE=MyISAM AUTO_INCREMENT=8 DEFAULT CHARSET=latin1;

--
-- Extraindo dados da tabela `tb_pessoa_juridica`
--

INSERT INTO `tb_pessoa_juridica` (`cd_pessoa_juridica`, `cd_cnpj`, `cd_inscricao_estadual`, `cd_situacao`) VALUES
(1, '', '', 1),
(2, '2134', '234', 1),
(3, '2452345', '2344', 1),
(4, '1234', '12344213', 4),
(5, '10', '10', 5),
(6, '21893470492', '1209843724', 4),
(7, '21.342.134/2341-23', '124.123.443.141', 6);

-- --------------------------------------------------------

--
-- Estrutura da tabela `tb_segmento`
--

DROP TABLE IF EXISTS `tb_segmento`;
CREATE TABLE IF NOT EXISTS `tb_segmento` (
  `cd_segmento` int(5) NOT NULL AUTO_INCREMENT,
  `nm_segmento` varchar(45) DEFAULT NULL,
  PRIMARY KEY (`cd_segmento`)
) ENGINE=MyISAM AUTO_INCREMENT=314 DEFAULT CHARSET=latin1;

--
-- Extraindo dados da tabela `tb_segmento`
--

INSERT INTO `tb_segmento` (`cd_segmento`, `nm_segmento`) VALUES
(111, 'So os top'),
(2, 'Teste'),
(3, 'teste'),
(4, 'Entretenimento'),
(5, 'Restaurante'),
(6, 'Bar'),
(7, 'Toasidfj'),
(8, 'Aifdhs'),
(9, 'Sadf'),
(10, 'Topzera'),
(11, 'Topzera'),
(12, 'Topzera'),
(13, 'Topzera'),
(14, 'Topzera'),
(15, 'Topzera'),
(16, 'Restaurante'),
(17, 'Restaurante'),
(18, 'Restaurante'),
(19, 'Restaurante'),
(20, 'Restaurante'),
(21, 'Restaurante'),
(22, 'Restaurante'),
(23, '1'),
(24, '1'),
(25, '1'),
(26, '11'),
(27, '11'),
(28, '1'),
(29, '1'),
(30, '1'),
(31, '1'),
(32, '23'),
(33, '1'),
(34, 'Topzera'),
(35, 'Topzera'),
(36, '1'),
(37, '1'),
(38, '1'),
(39, 'Restaurante'),
(40, 'Restaurante'),
(41, '1'),
(42, '1'),
(43, '1'),
(44, '1'),
(45, 'Tabacaria'),
(46, 'Bar'),
(47, 'Teste'),
(49, 'Aaaaa'),
(50, 'Aaaaa'),
(53, 'Aaaaa'),
(54, 'Aaaaa'),
(55, 'Help'),
(56, 'Ooooo'),
(57, ''),
(58, ''),
(59, ''),
(60, ''),
(61, ''),
(62, ''),
(63, ''),
(64, ''),
(65, ''),
(66, ''),
(67, ''),
(68, ''),
(69, ''),
(70, ''),
(71, ''),
(72, ''),
(73, ''),
(74, ''),
(75, ''),
(76, ''),
(77, ''),
(78, ''),
(79, ''),
(80, 'Qwerwqer'),
(81, 'Qwerwqer'),
(82, 'Qwerwqer'),
(83, 'Qwerwqer'),
(84, 'Qwerwqer'),
(85, 'Qwerwqer'),
(86, 'Qwerwqer'),
(87, 'Qwerwqer'),
(88, 'Qwerwqer'),
(89, 'Weqr'),
(90, 'Gg'),
(91, 'Gg'),
(92, '5555'),
(93, '5555'),
(94, 'Rrrrrr'),
(101, 'Posicionamento'),
(97, ''),
(98, ''),
(99, ''),
(100, ''),
(102, 'Ewrqr'),
(103, 'Ewrqr'),
(104, 'Ewrqr'),
(105, 'Ewrqr'),
(106, 'Ewrqr'),
(107, 'Ewrqr'),
(108, 'Ewrqr'),
(109, 'Ewrqr'),
(110, 'Ewrqr'),
(112, 'So os top'),
(113, 'So os top'),
(114, '1234'),
(115, 'Erqwer'),
(116, '23142142134'),
(117, '23142142134'),
(118, '23142142134'),
(119, '23142142134'),
(120, '23142142134'),
(121, '23142142134'),
(122, '23142142134'),
(123, '23142142134'),
(124, '23142142134'),
(125, '23142142134'),
(126, '23142142134'),
(127, '23142142134'),
(128, '2134234'),
(129, '23142142134'),
(130, '23142142134'),
(131, '23142142134'),
(132, '23142142134'),
(133, '23142142134'),
(134, '23142142134'),
(136, '1234'),
(137, '1234'),
(138, '1234'),
(139, '1234'),
(142, 'Outros'),
(141, 'Werwqer'),
(143, 'Feira, exposição'),
(144, 'Encontro, networking'),
(145, 'Encontro, networking'),
(146, ''),
(147, ''),
(148, ''),
(149, ''),
(150, ''),
(151, 'Segmento'),
(152, 'Segmento'),
(153, 'Encontro, networking'),
(155, 'Cinema ou teatro'),
(156, 'Cinema ou teatro'),
(157, 'Cinema ou teatro'),
(264, 'Encontro, networking'),
(159, 'Cinema ou teatro'),
(160, 'Cinema ou teatro'),
(261, 'Tabacaria'),
(162, ''),
(163, 'Cinema ou teatro'),
(164, ''),
(165, 'Cinema ou teatro'),
(166, ''),
(167, 'Encontro, networking'),
(168, ''),
(169, ''),
(170, ''),
(171, 'Encontro, networking'),
(172, 'Encontro, networking'),
(173, 'Encontro, networking'),
(174, 'Encontro, networking'),
(175, ''),
(176, 'Encontro, networking'),
(177, ''),
(178, ''),
(179, ''),
(180, ''),
(181, ''),
(182, ''),
(183, 'Encontro, networking'),
(184, ''),
(185, 'Encontro, networking'),
(186, ''),
(187, ''),
(188, ''),
(189, ''),
(190, ''),
(191, ''),
(192, ''),
(193, ''),
(194, ''),
(195, ''),
(196, 'Feira, exposição'),
(197, 'Cinema ou teatro'),
(198, ''),
(199, ''),
(200, ''),
(201, ''),
(202, ''),
(203, ''),
(204, 'Cinema ou teatro'),
(205, 'Cinema ou teatro'),
(263, 'Encontro, networking'),
(207, 'Cinema ou teatro'),
(208, 'Cinema ou teatro'),
(209, ''),
(210, 'Cinema ou teatro'),
(211, 'Encontro, networking'),
(212, 'Encontro, networking'),
(213, 'Encontro, networking'),
(214, 'Encontro, networking'),
(215, 'Encontro, networking'),
(216, 'Encontro, networking'),
(217, 'Encontro, networking'),
(218, 'Encontro, networking'),
(219, 'Encontro, networking'),
(220, ''),
(221, 'Outros'),
(222, ''),
(223, ''),
(224, ''),
(225, 'Cinema ou teatro'),
(226, 'Cinema ou teatro'),
(227, 'Cinema ou teatro'),
(228, 'Cinema ou teatro'),
(229, 'Cinema ou teatro'),
(230, 'Cinema ou teatro'),
(231, 'Cinema ou teatro'),
(232, 'Cinema ou teatro'),
(233, 'Cinema ou teatro'),
(234, 'Cinema ou teatro'),
(235, 'Cinema ou teatro'),
(236, 'Cinema ou teatro'),
(237, 'Cinema ou teatro'),
(238, 'Cinema ou teatro'),
(239, 'Gastronômico'),
(240, 'Gastronômico'),
(241, 'Cinema ou teatro'),
(242, 'Cinema ou teatro'),
(243, 'Cinema ou teatro'),
(244, 'Cinema ou teatro'),
(245, 'Cinema ou teatro'),
(246, 'Cinema ou teatro'),
(247, 'Cinema ou teatro'),
(248, 'Cinema ou teatro'),
(249, 'Cinema ou teatro'),
(250, 'Encontro, networking'),
(251, 'Cinema ou teatro'),
(252, 'Cinema ou teatro'),
(253, 'Cinema ou teatro'),
(254, 'Cinema ou teatro'),
(255, 'Cinema ou teatro'),
(256, 'Feira, exposição'),
(257, 'Cinema ou teatro'),
(258, 'Tabacaria'),
(262, 'Encontro, networking'),
(265, 'Encontro, networking'),
(266, 'Encontro, networking'),
(267, 'Encontro, networking'),
(268, 'Encontro, networking'),
(269, 'Encontro, networking'),
(270, 'Encontro, networking'),
(271, 'Encontro, networking'),
(272, 'Encontro, networking'),
(273, 'Encontro, networking'),
(274, 'Encontro, networking'),
(275, 'Encontro, networking'),
(276, 'Encontro, networking'),
(277, 'Encontro, networking'),
(278, 'Encontro, networking'),
(279, 'Encontro, networking'),
(280, 'Encontro, networking'),
(281, 'Encontro, networking'),
(282, 'Encontro, networking'),
(283, 'Encontro, networking'),
(284, 'Encontro, networking'),
(285, 'Encontro, networking'),
(286, 'Encontro, networking'),
(287, 'Encontro, networking'),
(288, 'Encontro, networking'),
(289, 'Encontro, networking'),
(290, 'Encontro, networking'),
(291, 'Encontro, networking'),
(292, 'Encontro, networking'),
(293, 'Encontro, networking'),
(294, 'Encontro, networking'),
(295, 'Encontro, networking'),
(296, 'Encontro, networking'),
(297, 'Cinema ou teatro'),
(298, 'Cinema ou teatro'),
(299, 'Cinema ou teatro'),
(300, 'Cinema ou teatro'),
(301, 'Cinema ou teatro'),
(302, 'Cinema ou teatro'),
(303, 'Cinema ou teatro'),
(304, 'Cinema ou teatro'),
(305, 'Cinema ou teatro'),
(306, 'Cinema ou teatro'),
(307, 'Cinema ou teatro'),
(308, 'Cinema ou teatro'),
(309, 'Cinema ou teatro'),
(310, 'Cinema ou teatro'),
(311, 'Feira, exposição'),
(312, 'Feira, exposição'),
(313, 'Cinema ou teatro');

-- --------------------------------------------------------

--
-- Estrutura da tabela `tb_situacao`
--

DROP TABLE IF EXISTS `tb_situacao`;
CREATE TABLE IF NOT EXISTS `tb_situacao` (
  `cd_situacao` int(5) NOT NULL AUTO_INCREMENT,
  `nm_situacao` varchar(25) DEFAULT NULL,
  PRIMARY KEY (`cd_situacao`)
) ENGINE=MyISAM AUTO_INCREMENT=8 DEFAULT CHARSET=latin1;

--
-- Extraindo dados da tabela `tb_situacao`
--

INSERT INTO `tb_situacao` (`cd_situacao`, `nm_situacao`) VALUES
(1, ''),
(2, ''),
(3, ''),
(4, 'inapta'),
(5, 'ativa'),
(6, 'inapta'),
(7, 'omissa');

-- --------------------------------------------------------

--
-- Estrutura da tabela `tb_uf`
--

DROP TABLE IF EXISTS `tb_uf`;
CREATE TABLE IF NOT EXISTS `tb_uf` (
  `cd_uf` int(5) NOT NULL AUTO_INCREMENT,
  `sg_uf` char(2) DEFAULT NULL,
  PRIMARY KEY (`cd_uf`)
) ENGINE=MyISAM AUTO_INCREMENT=314 DEFAULT CHARSET=latin1;

--
-- Extraindo dados da tabela `tb_uf`
--

INSERT INTO `tb_uf` (`cd_uf`, `sg_uf`) VALUES
(111, 'SP'),
(2, 'PR'),
(3, 'SP'),
(4, 'SP'),
(5, 'SP'),
(6, 'SP'),
(7, 'SP'),
(8, 'SP'),
(9, 'SP'),
(10, 'SP'),
(11, 'SP'),
(12, 'SP'),
(13, 'SP'),
(14, 'SP'),
(15, 'SP'),
(16, 'SP'),
(17, 'SP'),
(18, 'SP'),
(19, 'SP'),
(20, 'SP'),
(21, 'SP'),
(22, 'SP'),
(23, 'SP'),
(24, 'SP'),
(25, 'SP'),
(26, 'SP'),
(27, 'SP'),
(28, 'SP'),
(29, 'SP'),
(30, 'SP'),
(31, 'SP'),
(32, 'SP'),
(33, 'SP'),
(34, 'SP'),
(35, 'SP'),
(36, 'SP'),
(37, 'SP'),
(38, 'SP'),
(39, 'SP'),
(40, 'SP'),
(41, 'SP'),
(42, 'SP'),
(43, 'SP'),
(44, 'SP'),
(45, 'SP'),
(46, 'SP'),
(47, 'SP'),
(49, 'SP'),
(50, 'SP'),
(53, 'SP'),
(54, 'SP'),
(55, 'SP'),
(56, 'TT'),
(57, ''),
(58, ''),
(59, ''),
(60, ''),
(61, ''),
(62, ''),
(63, ''),
(64, ''),
(65, ''),
(66, ''),
(67, ''),
(68, ''),
(69, ''),
(70, ''),
(71, ''),
(72, ''),
(73, ''),
(74, ''),
(75, ''),
(76, ''),
(77, ''),
(78, ''),
(79, ''),
(80, 'SP'),
(81, 'SP'),
(82, 'SP'),
(83, 'SP'),
(84, 'SP'),
(85, 'SP'),
(86, 'SP'),
(87, 'SP'),
(88, 'SP'),
(89, 'SP'),
(90, 'SP'),
(91, 'SP'),
(92, 'SP'),
(93, 'SP'),
(94, 'SP'),
(101, 'SP'),
(112, 'SP'),
(97, ''),
(98, ''),
(99, ''),
(100, ''),
(102, 'SP'),
(103, 'SP'),
(104, 'SP'),
(105, 'SP'),
(106, 'SP'),
(107, 'SP'),
(108, 'SP'),
(109, 'SP'),
(110, 'SP'),
(113, 'SP'),
(114, 'SP'),
(115, 'SP'),
(116, 'SP'),
(117, 'SP'),
(118, 'SP'),
(119, 'SP'),
(120, 'SP'),
(121, 'SP'),
(122, 'SP'),
(123, 'SP'),
(124, 'SP'),
(125, 'SP'),
(126, 'SP'),
(127, 'SP'),
(128, 'SP'),
(129, 'SP'),
(130, 'SP'),
(131, 'SP'),
(132, 'SP'),
(133, 'SP'),
(134, 'SP'),
(136, 'SP'),
(137, 'SP'),
(138, 'SP'),
(139, 'SP'),
(142, 'SP'),
(141, 'SP'),
(143, 'SP'),
(144, 'SP'),
(145, 'SP'),
(146, ''),
(147, ''),
(148, ''),
(149, ''),
(150, ''),
(151, 'SP'),
(152, 'SP'),
(153, 'SP'),
(155, 'SP'),
(156, 'SP'),
(157, 'SP'),
(264, 'SP'),
(159, 'SP'),
(160, 'SP'),
(261, 'SP'),
(162, ''),
(163, 'SP'),
(164, ''),
(165, 'SP'),
(166, ''),
(167, 'SP'),
(168, ''),
(169, ''),
(170, ''),
(171, 'SP'),
(172, 'SP'),
(173, 'SP'),
(174, 'SP'),
(175, ''),
(176, 'SP'),
(177, ''),
(178, ''),
(179, ''),
(180, ''),
(181, ''),
(182, ''),
(183, 'SP'),
(184, ''),
(185, 'SP'),
(186, ''),
(187, ''),
(188, ''),
(189, ''),
(190, ''),
(191, ''),
(192, ''),
(193, ''),
(194, ''),
(195, ''),
(196, 'SP'),
(197, 'SP'),
(198, ''),
(199, ''),
(200, ''),
(201, ''),
(202, ''),
(203, ''),
(204, 'SP'),
(205, 'SP'),
(263, 'SP'),
(207, 'SP'),
(208, 'SP'),
(209, ''),
(210, 'SP'),
(211, 'SP'),
(212, 'SP'),
(213, 'SP'),
(214, 'SP'),
(215, 'SP'),
(216, 'SP'),
(217, 'SP'),
(218, 'SP'),
(219, 'SP'),
(220, ''),
(221, 'SP'),
(222, ''),
(223, ''),
(224, ''),
(225, 'SP'),
(226, 'SP'),
(227, 'SP'),
(228, 'SP'),
(229, 'SP'),
(230, 'SP'),
(231, 'SP'),
(232, 'SP'),
(233, 'SP'),
(234, 'SP'),
(235, 'SP'),
(236, 'SP'),
(237, 'SP'),
(238, 'SP'),
(239, 'SP'),
(240, 'SP'),
(241, 'SP'),
(242, 'SP'),
(243, 'SP'),
(244, 'SP'),
(245, 'SP'),
(246, 'SP'),
(247, 'SP'),
(248, 'SP'),
(249, 'SP'),
(250, 'SP'),
(251, 'SP'),
(252, 'SP'),
(253, 'SP'),
(254, 'SP'),
(255, 'SP'),
(256, 'SP'),
(257, 'SP'),
(258, 'SP'),
(265, 'SP'),
(262, 'SP'),
(266, 'SP'),
(267, 'SP'),
(268, 'SP'),
(269, 'SP'),
(270, 'SP'),
(271, 'SP'),
(272, 'SP'),
(273, 'SP'),
(274, 'SP'),
(275, 'SP'),
(276, 'SP'),
(277, 'SP'),
(278, 'SP'),
(279, 'SP'),
(280, 'SP'),
(281, 'SP'),
(282, 'SP'),
(283, 'SP'),
(284, 'SP'),
(285, 'SP'),
(286, 'SP'),
(287, 'SP'),
(288, 'SP'),
(289, 'SP'),
(290, 'SP'),
(291, 'SP'),
(292, 'SP'),
(293, 'SP'),
(294, 'SP'),
(295, 'SP'),
(296, 'SP'),
(297, 'SP'),
(298, 'SP'),
(299, 'SP'),
(300, 'SP'),
(301, 'SP'),
(302, 'SP'),
(303, 'SP'),
(304, 'SP'),
(305, 'SP'),
(306, 'SP'),
(307, 'SP'),
(308, 'SP'),
(309, 'SP'),
(310, 'SP'),
(311, 'SP'),
(312, 'SP'),
(313, 'SP');

-- --------------------------------------------------------

--
-- Stand-in structure for view `vw_cliente_sp`
-- (See below for the actual view)
--
DROP VIEW IF EXISTS `vw_cliente_sp`;
CREATE TABLE IF NOT EXISTS `vw_cliente_sp` (
);

-- --------------------------------------------------------

--
-- Stand-in structure for view `vw_evento_maior`
-- (See below for the actual view)
--
DROP VIEW IF EXISTS `vw_evento_maior`;
CREATE TABLE IF NOT EXISTS `vw_evento_maior` (
);

-- --------------------------------------------------------

--
-- Stand-in structure for view `vw_five_views`
-- (See below for the actual view)
--
DROP VIEW IF EXISTS `vw_five_views`;
CREATE TABLE IF NOT EXISTS `vw_five_views` (
);

-- --------------------------------------------------------

--
-- Structure for view `vw_cliente_sp`
--
DROP TABLE IF EXISTS `vw_cliente_sp`;

CREATE ALGORITHM=UNDEFINED DEFINER=`root`@`localhost` SQL SECURITY DEFINER VIEW `vw_cliente_sp`  AS  select `c`.`nm_fantasia` AS `nm_fantasia`,`c`.`ic_tipo` AS `ic_tipo`,`ct`.`cd_telefone` AS `cd_telefone`,`f`.`cd_cpf` AS `cd_cpf`,`j`.`cd_cnpj` AS `cd_cnpj`,`cd`.`nm_cidade` AS `nm_cidade` from (((((((`tb_cliente` `c` join `tb_contato` `ct` on((`ct`.`cd_cliente` = `c`.`cd_cliente`))) join `tb_pessoa_fisica` `f` on((`c`.`cd_pessoa_fisica` = `f`.`cd_pessoa_fisica`))) join `tb_pessoa_juridica` `j` on((`c`.`cd_pessoa_juridica` = `j`.`cd_pessoa_juridica`))) join `tb_evento` `e` on((`c`.`cd_cliente` = `e`.`cd_cliente`))) join `tb_logradouro` `l` on((`e`.`cd_logradouro` = `l`.`cd_logradouro`))) join `tb_bairro` `b` on((`l`.`cd_bairro` = `b`.`cd_bairro`))) join `tb_cidade` `cd` on((`b`.`cd_cidade` = `cd`.`cd_cidade`))) where (`cd`.`nm_cidade` = 'sao paulo') ;

-- --------------------------------------------------------

--
-- Structure for view `vw_evento_maior`
--
DROP TABLE IF EXISTS `vw_evento_maior`;

CREATE ALGORITHM=UNDEFINED DEFINER=`root`@`localhost` SQL SECURITY DEFINER VIEW `vw_evento_maior`  AS  select `c`.`nm_responsavel` AS `nm_responsavel`,`c`.`nm_email` AS `nm_email`,`e`.`nm_evento` AS `nm_evento`,`e`.`dt_evento` AS `dt_evento`,`e`.`cd_faixa_etaria` AS `cd_faixa_etaria` from (`tb_cliente` `c` join `tb_evento` `e` on((`c`.`cd_cliente` = `e`.`cd_cliente`))) where (`e`.`cd_faixa_etaria` >= 18) ;

-- --------------------------------------------------------

--
-- Structure for view `vw_five_views`
--
DROP TABLE IF EXISTS `vw_five_views`;

CREATE ALGORITHM=UNDEFINED DEFINER=`root`@`localhost` SQL SECURITY DEFINER VIEW `vw_five_views`  AS  select `c`.`nm_responsavel` AS `nm_responsavel`,`c`.`nm_email` AS `nm_email`,`ct`.`cd_celular` AS `cd_celular`,`e`.`nm_evento` AS `nm_evento`,`l`.`cd_cep` AS `cd_cep`,`b`.`nm_bairro` AS `nm_bairro`,`cd`.`nm_cidade` AS `nm_cidade`,`uf`.`sg_uf` AS `sg_uf` from ((((((`tb_cliente` `c` join `tb_contato` `ct` on((`c`.`cd_cliente` = `ct`.`cd_cliente`))) join `tb_evento` `e` on((`c`.`cd_cliente` = `e`.`cd_cliente`))) join `tb_logradouro` `l` on((`l`.`cd_logradouro` = `e`.`cd_logradouro`))) join `tb_bairro` `b` on((`l`.`cd_bairro` = `b`.`cd_bairro`))) join `tb_cidade` `cd` on((`b`.`cd_cidade` = `cd`.`cd_cidade`))) join `tb_uf` `uf` on((`cd`.`cd_uf` = `uf`.`cd_uf`))) ;
COMMIT;

/*!40101 SET CHARACTER_SET_CLIENT=@OLD_CHARACTER_SET_CLIENT */;
/*!40101 SET CHARACTER_SET_RESULTS=@OLD_CHARACTER_SET_RESULTS */;
/*!40101 SET COLLATION_CONNECTION=@OLD_COLLATION_CONNECTION */;
